id,question,answer,reference
1,Quy tắc tham gia giao thông đường bộ được quy định như thế nào?,"Theo Điều 10 Luật Trật tự giao thông đường bộ năm 2024 quy định quy tắc tham gia giao thông đường bộ như sau:
1. Người tham gia giao thông đường bộ phải đi bên phải theo chiều đi của mình, đi đúng làn đường, phần đường quy định, chấp hành báo hiệu đường bộ và các quy tắc giao thông đường bộ khác.
2. Người lái xe và người được chở trên xe ô tô phải thắt dây đai an toàn tại những chỗ có trang bị dây đai an toàn khi tham gia giao thông đường bộ.
3. Khi chở trẻ em dưới 10 tuổi và chiều cao dưới 1,35 mét trên xe ô tô không được cho trẻ em ngồi cùng hàng ghế với người lái xe, trừ loại xe ô tô chỉ có một hàng ghế; người lái xe phải sử dụng, hướng dẫn sử dụng thiết bị an toàn phù hợp cho trẻ em.",36/2024/QH15::article::10
2,"Đấu giá biển số xe được quy định như nào trong Luật Trật tự, an toàn giao thông đường bộ?","Theo điều 37 Luật Trật tự, an toàn giao thông đường bộ năm 2024 quy định đấu giá biển số xe như sau:
1. Biển số xe đưa ra đấu giá là biển số xe ô tô, xe mô tô, xe gắn máy được quy định tại điểm c và điểm d khoản 2 Điều 36 của Luật này, được công khai để tổ chức, cá nhân lựa chọn đăng ký tham gia đấu giá. Biển số xe không được tổ chức, cá nhân lựa chọn để đăng ký tham gia đấu giá được chuyển vào hệ thống đăng ký, quản lý xe để đăng ký theo quy định của pháp luật.
2. Giá khởi điểm của một biển số xe ô tô đưa ra đấu giá không thấp hơn 40 triệu đồng; giá khởi điểm một biển số xe mô tô, xe gắn máy đưa ra đấu giá không thấp hơn 05 triệu đồng.
3. Tiền đặt trước không thấp hơn giá khởi điểm của loại biển số xe đưa ra đấu giá.
4. Khi hết thời hạn đăng ký tham gia đấu giá mà chỉ có một người đăng ký tham gia đấu giá hoặc có nhiều người đăng ký tham gia đấu giá nhưng chỉ có một người tham gia đấu giá hoặc có nhiều người tham gia đấu giá nhưng chỉ có một người trả giá ít nhất bằng giá khởi điểm của một biển số xe đưa ra đấu giá thì người đó được xác định là người trúng đấu giá biển số xe.
5. Đăng ký xe và biển số xe trúng đấu giá sau khi chuyển nhượng, trao đổi, tặng cho, để thừa kế xe gắn biển số xe trúng đấu giá được quản lý, cấp, thu hồi theo quy định tại Điều 39 của Luật này.
6. Số tiền thu được từ đấu giá biển số xe sau khi trừ các khoản chi phí tổ chức đấu giá, chi phí quảng cáo, chi phí quản trị hệ thống đấu giá được nộp vào ngân sách trung ương theo quy định của pháp luật về ngân sách nhà nước.
7. Chính phủ quy định chi tiết Điều này; quy định bước giá, hình thức, phương thức, trình tự, thủ tục đấu giá biển số xe.","36/2024/QH15::article::37, 36/2024/QH15::article::36::clause::2::point::c, 36/2024/QH15::article::36::clause::2::point::d, 36/2024/QH15::article::39"
3,Người trúng đấu giá biển số xe có quyền như nào?,"Theo khoản 1 Điều 38 Luật Trật tự, an toàn giao thông đường bộ năm 2024 quy định người trúng đấu giá biển số xe có quyền sau:
- Được cấp quyết định xác nhận biển số xe trúng đấu giá sau khi nộp đủ số tiền trúng đấu giá;
- Được đăng ký biển số xe trúng đấu giá gắn với phương tiện thuộc sở hữu của mình tại cơ quan Công an nơi quản lý biển số xe trúng đấu giá hoặc nơi thường trú, tạm trú của cá nhân, trụ sở của tổ chức trúng đấu giá;
- Được chuyển nhượng, trao đổi, tặng cho, để thừa kế xe gắn với biển số xe trúng đấu giá;
- Trong thời hạn 30 ngày kể từ ngày có thông báo kết quả trúng đấu giá mà chưa được cấp quyết định xác nhận biển số xe trúng đấu giá, nếu người trúng đấu giá chết thì kết quả trúng đấu giá sẽ bị hủy, người thừa kế theo quy định của pháp luật về thừa kế được nhận đủ số tiền trúng đấu giá mà người trúng đấu giá đã nộp;
- Trong thời hạn 12 tháng kể từ ngày được cấp quyết định xác nhận biển số xe trúng đấu giá, nếu người trúng đấu giá chết nhưng chưa thực hiện thủ tục đăng ký xe để gắn biển số xe trúng đấu giá thì kết quả trúng đấu giá sẽ bị hủy, người thừa kế theo quy định của pháp luật về thừa kế được nhận đủ số tiền trúng đấu giá mà người trúng đấu giá đã nộp.",36/2024/QH15::article::38::clause::1
4,Người trúng đấu giá biển số xe phải có nghĩa vụ như thế nào?,"Theo khoản 1 Điều 38 Luật Trật tự, an toàn giao thông đường bộ năm 2024 quy định người trúng đấu giá biển số xe có nghĩa vụ sau:
- Nộp đủ số tiền trúng đấu giá trong thời hạn 30 ngày kể từ ngày có thông báo kết quả trúng đấu giá; tiền trúng đấu giá không bao gồm lệ phí đăng ký, cấp biển số xe. Sau thời hạn quy định, người trúng đấu giá biển số xe không nộp hoặc nộp không đủ tiền trúng đấu giá thì biển số xe trúng đấu giá được đấu giá lại hoặc chuyển vào hệ thống đăng ký, quản lý xe và người trúng đấu giá không được hoàn trả số tiền đặt trước, số tiền đã nộp, không được tham gia đấu giá biển số xe trong thời hạn 12 tháng kể từ ngày có thông báo kết quả trúng đấu giá;
- Thực hiện thủ tục đăng ký xe để gắn biển số xe trúng đấu giá trong thời hạn 12 tháng kể từ ngày được cấp quyết định xác nhận biển số xe trúng đấu giá; trường hợp sự kiện bất khả kháng hoặc trở ngại khách quan thì thời hạn này được kéo dài thêm nhưng tối đa không quá 06 tháng. Sau thời hạn quy định, người trúng đấu giá biển số xe không thực hiện thủ tục đăng ký xe để gắn biển số xe trúng đấu giá thì biển số xe trúng đấu giá được đấu giá lại hoặc chuyển vào hệ thống đăng ký, quản lý xe và người trúng đấu giá không được hoàn trả số tiền trúng đấu giá đã nộp;
- Không được chuyển nhượng, trao đổi, tặng cho, để thừa kế biển số xe trúng đấu giá, trừ trường hợp quy định tại điểm c khoản 1 Điều này.",36/2024/QH15::article::38::clause::1
5,"Xe ô tô trở trẻ em mầm non, học sinh được quy định như thế nào?","Điều 46 Luật Trật tự, an toàn giao thông đường bộ năm 2024 quy định đối với xe trở trẻ em mầm non, học sinh phải đáp ứng các yêu cầu sau đây:
- Bảo đảm các điều kiện quy định tại khoản 1, khoản 2 Điều 35 của Luật này; có thiết bị ghi nhận hình ảnh trẻ em mầm non, học sinh và thiết bị có chức năng cảnh báo, chống bỏ quên trẻ em trên xe; có niên hạn sử dụng không quá 20 năm; có màu sơn theo quy định của Chính phủ;
-  Xe ô tô chở trẻ em mầm non hoặc học sinh tiểu học phải có dây đai an toàn phù hợp với lứa tuổi hoặc sử dụng xe có ghế ngồi phù hợp với lứa tuổi theo quy định của pháp luật.
- Xe ô tô kinh doanh vận tải kết hợp với hoạt động đưa đón trẻ em mầm non, học sinh phải đáp ứng các yêu cầu theo quy định tại khoản 3 Điều 10, khoản 1 và khoản 2 Điều 35 của Luật này; có thiết bị ghi nhận hình ảnh trẻ em mầm non, học sinh và thiết bị có chức năng cảnh báo, chống bỏ quên trẻ em trên xe đáp ứng yêu cầu theo quy định tại điểm a khoản 1 Điều này.
- Khi đưa đón trẻ em mầm non, học sinh tiểu học phải bố trí tối thiểu 01 người quản lý trên mỗi xe ô tô để hướng dẫn, giám sát, duy trì trật tự và bảo đảm an toàn cho trẻ em mầm non, học sinh tiểu học trong suốt chuyến đi. Trường hợp xe từ 29 chỗ trở lên (không kể chỗ của người lái xe) mà chở từ 27 trẻ em mầm non và học sinh tiểu học trở lên phải bố trí tối thiểu 02 người quản lý trên mỗi xe ô tô. Người quản lý, người lái xe có trách nhiệm kiểm tra trẻ em mầm non, học sinh tiểu học khi xuống xe; không được để trẻ em mầm non, học sinh tiểu học trên xe khi người quản lý và người lái xe đã rời xe.
- Người lái xe ô tô đưa đón trẻ em mầm non, học sinh phải có tối thiểu 02 năm kinh nghiệm lái xe vận tải hành khách.
- Cơ sở giáo dục phải xây dựng quy trình bảo đảm an toàn khi đưa đón trẻ em mầm non, học sinh; hướng dẫn cho lái xe và người quản lý trẻ em mầm non, học sinh nắm vững và thực hiện đúng quy trình; chịu trách nhiệm bảo đảm trật tự, an toàn giao thông đường bộ khi tổ chức đưa đón trẻ em mầm non, học sinh của cơ sở giáo dục đó.
- Xe đưa đón trẻ em mầm non, học sinh được ưu tiên trong tổ chức phân luồng, điều tiết giao thông, bố trí nơi dừng xe, đỗ xe tại khu vực trường học và tại các điểm trên lộ trình đưa đón trẻ em mầm non, học sinh.","36/2024/QH15::article::46, 36/2024/QH15::article::35::clause::1, 36/2024/QH15::article::35::clause::2, 36/2024/QH15::article::10::clause::3, 36/2024/QH15::article::46::clause::1::point::a"
6,"Quy định về kiểm định khí thải đối với mô tô, xe gắn máy?","Điều 42 Luật Trật tự, an toàn giao thông đường bộ năm 2024 quy định việc kiểm định đối với mô tô, xe gắn máy chỉ thực hiện kiểm định về khí thải. Việc kiểm định khí thải thực hiện theo quy định của pháp luật về bảo vệ môi trường được thực hiện tại các cơ sở kiểm định khí thải đáp ứng quy chuẩn kỹ thuật quốc gia.
Quy định này áp dụng từ ngày 01/01/2025.",36/2024/QH15::article::42
7,Điểm của giấy phép lái xe được quy định như thế nào?,"Điều 58 Luật Trật tự, an toàn giao thông đường bộ năm 2024 quy định: Điểm của giấy phép lái xe (GPLX) được dùng để quản lý việc chấp hành pháp luật về trật tự, an toàn giao thông đường bộ của người lái xe, bao gồm 12 điểm. Số điểm trừ mỗi lần vi phạm tùy thuộc tính chất, mức độ của hành vi vi phạm.
Dữ liệu về điểm trừ giấy phép lái xe của người vi phạm sẽ được cập nhật vào hệ thống cơ sở dữ liệu ngay sau khi quyết định xử phạt có hiệu lực. GPLX được phục hồi đủ 12 điểm khi chưa bị trừ hết điểm và không bị trừ điểm trong thời hạn 12 tháng kể từ ngày bị trừ điểm gần nhất.
Trường hợp GPLX bị trừ hết điểm thì người đó không được điều khiển phương tiện tham gia giao thông đường bộ theo loại giấy phép đã bị trừ hết điểm.
Sau ít nhất 6 tháng kể từ ngày bị trừ hết điểm, người có GPLX được tham gia kiểm tra nội dung kiến thức pháp luật về trật tự an toàn giao thông theo quy định.
Việc kiểm tra kiến thức do lực lượng Cảnh sát giao thông tổ chức, người có GPLX có kết quả đạt yêu cầu mới được phục hồi đủ 12 điểm.
Quy định trừ điểm GPLX bắt đầu được áp dụng từ ngày 1/1/2025",36/2024/QH15::article::58
8,Giấy phép lái xe theo quy định mới có bao nhiêu hạng?,"Khoản 1 Điều 57 Luật Trật tự an toàn giao thông đường bộ quy định Giấy phép lái xe bao gồm 15 hạng:
1. Hạng A1 cấp cho người lái xe mô tô hai bánh có dung tích xi-lanh đến 125 cm3 hoặc có công suất động cơ điện đến 11 kW;
2. Hạng A cấp cho người lái xe mô tô hai bánh có dung tích xi-lanh trên 125 cm3 hoặc có công suất động cơ điện trên 11 kW và các loại xe quy định cho giấy phép lái xe hạng A1;
3. Hạng B1 cấp cho người lái xe mô tô ba bánh và các loại xe quy định cho giấy phép lái xe hạng A1;
4. Hạng B cấp cho người lái xe ô tô chở người đến 08 chỗ (không kể chỗ của người lái xe); xe ô tô tải và ô tô chuyên dùng có khối lượng toàn bộ theo thiết kế đến 3.500 kg; các loại xe ô tô quy định cho giấy phép lái xe hạng B kéo rơ moóc có khối lượng toàn bộ theo thiết kế đến 750 kg;
5. Hạng C1 cấp cho người lái xe ô tô tải và ô tô chuyên dùng có khối lượng toàn bộ theo thiết kế trên 3.500 kg đến 7.500 kg; các loại xe ô tô tải quy định cho giấy phép lái xe hạng C1 kéo rơ moóc có khối lượng toàn bộ theo thiết kế đến 750 kg; các loại xe quy định cho giấy phép lái xe hạng B;
6. Hạng C cấp cho người lái xe ô tô tải và ô tô chuyên dùng có khối lượng toàn bộ theo thiết kế trên 7.500 kg; các loại xe ô tô tải quy định cho giấy phép lái xe hạng C kéo rơ moóc có khối lượng toàn bộ theo thiết kế đến 750 kg; các loại xe quy định cho giấy phép lái xe hạng B và hạng C1;
7. Hạng D1 cấp cho người lái xe ô tô chở người trên 08 chỗ (không kể chỗ của người lái xe) đến 16 chỗ (không kể chỗ của người lái xe); các loại xe ô tô chở người quy định cho giấy phép lái xe hạng D1 kéo rơ moóc có khối lượng toàn bộ theo thiết kế đến 750 kg; các loại xe quy định cho giấy phép lái xe các hạng B, C1, C;
8. Hạng D2 cấp cho người lái xe ô tô chở người (kể cả xe buýt) trên 16 chỗ (không kể chỗ của người lái xe) đến 29 chỗ (không kể chỗ của người lái xe); các loại xe ô tô chở người quy định cho giấy phép lái xe hạng D2 kéo rơ moóc có khối lượng toàn bộ theo thiết kế đến 750 kg; các loại xe quy định cho giấy phép lái xe các hạng B, C1, C, D1;
9. Hạng D cấp cho người lái xe ô tô chở người (kể cả xe buýt) trên 29 chỗ (không kể chỗ của người lái xe); xe ô tô chở người giường nằm; các loại xe ô tô chở người quy định cho giấy phép lái xe hạng D kéo rơ moóc có khối lượng toàn bộ theo thiết kế đến 750 kg; các loại xe quy định cho giấy phép lái xe các hạng B, C1, C, D1, D2;
10. Hạng BE cấp cho người lái các loại xe ô tô quy định cho giấy phép lái xe hạng B kéo rơ moóc có khối lượng toàn bộ theo thiết kế trên 750 kg;
11. Hạng C1E cấp cho người lái các loại xe ô tô quy định cho giấy phép lái xe hạng C1 kéo rơ moóc có khối lượng toàn bộ theo thiết kế trên 750 kg;
12. Hạng CE cấp cho người lái các loại xe ô tô quy định cho giấy phép lái xe hạng C kéo rơ moóc có khối lượng toàn bộ theo thiết kế trên 750 kg; xe ô tô đầu kéo kéo sơ mi rơ moóc;
13. Hạng D1E cấp cho người lái các loại xe ô tô quy định cho giấy phép lái xe hạng D1 kéo rơ moóc có khối lượng toàn bộ theo thiết kế trên 750 kg;
14. Hạng D2E cấp cho người lái các loại xe ô tô quy định cho giấy phép lái xe hạng D2 kéo rơ moóc có khối lượng toàn bộ theo thiết kế trên 750 kg;
15. Hạng DE cấp cho người lái các loại xe ô tô quy định cho giấy phép lái xe hạng D kéo rơ moóc có khối lượng toàn bộ theo thiết kế trên 750 kg; xe ô tô chở khách nối toa.",36/2024/QH15::article::57::clause::1
9,Cấp đổi giấy phép lái xe được cấp trước ngày 01/01/2025 được quy định như thế nào?,"Khoản 3 Điều 89 Luật Trật tự giao thông đường bộ quy định giấy phép lái xe được cấp trước ngày Luật này có hiệu lực 01/01/2025 có nhu cầu đổi, cấp lại giấy phép lái xe thì thực hiện như sau:
1. Giấy phép lái xe hạng A1 được đổi, cấp lại sang giấy phép lái xe hạng A với điều kiện hạn chế là chỉ được điều khiển xe mô tô hai bánh có dung tích xi-lanh đến dưới 175 cm3 hoặc có công suất động cơ điện đến dưới 14 kW;
2. Giấy phép lái xe hạng A2 được đổi, cấp lại sang giấy phép lái xe hạng A;
3. Giấy phép lái xe hạng A3 được đổi, cấp lại sang giấy phép lái xe hạng B1;
3. Giấy phép lái xe hạng A4 được đổi, cấp lại sang chứng chỉ điều khiển xe máy chuyên dùng cho người điều khiển máy kéo có trọng tải đến 1.000 kg và chứng chỉ bồi dưỡng kiến thức pháp luật về giao thông đường bộ cho người điều khiển xe máy chuyên dùng;
4. Giấy phép lái xe hạng B1 số tự động được đổi, cấp lại sang giấy phép lái xe hạng B với điều kiện hạn chế là chỉ được điều khiển xe ô tô số tự động;
5. Giấy phép lái xe hạng B1, B2 được đổi, cấp lại sang giấy phép lái xe hạng B hoặc hạng C1 và chứng chỉ điều khiển xe máy chuyên dùng cho người điều khiển máy kéo có trọng tải đến 3.500 kg;
6. Giấy phép lái xe hạng C giữ nguyên và đổi, cấp lại cùng hạng và chứng chỉ điều khiển xe máy chuyên dùng cho người điều khiển máy kéo có trọng tải trên 3.500 kg;
7. Giấy phép lái xe hạng D được đổi, cấp lại sang giấy phép lái xe hạng D2 và chứng chỉ điều khiển xe máy chuyên dùng cho người điều khiển máy kéo có trọng tải trên 3.500 kg;
8. Giấy phép lái xe hạng E được đổi, cấp lại sang giấy phép lái xe hạng D và chứng chỉ điều khiển xe máy chuyên dùng cho người điều khiển máy kéo có trọng tải trên 3.500 kg;
9. Giấy phép lái xe hạng FB2 được đổi, cấp lại sang giấy phép lái xe hạng BE hoặc hạng C1E và chứng chỉ điều khiển xe máy chuyên dùng cho người điều khiển máy kéo có trọng tải đến 3.500 kg;
10. Giấy phép lái xe hạng FC được đổi, cấp lại sang giấy phép lái xe hạng CE và chứng chỉ điều khiển xe máy chuyên dùng cho người điều khiển máy kéo có trọng tải trên 3.500 kg;
11. Giấy phép lái xe hạng FD được đổi, cấp lại sang giấy phép lái xe hạng D2E và chứng chỉ điều khiển xe máy chuyên dùng cho người điều khiển máy kéo có trọng tải trên 3.500 kg;
12. Giấy phép lái xe hạng FE được đổi, cấp lại sang giấy phép lái xe hạng DE và chứng chỉ điều khiển xe máy chuyên dùng cho người điều khiển máy kéo có trọng tải trên 3.500 kg.",36/2024/QH15::article::89::clause::3
10,"Nghị định số 100/2019/NĐ-CP ngày 30/12/2019 của Chính phủ quy 
định về nội dung gì? Và có hiệu lực từ khi nào?","Theo quy định tại khoản 1 Điều 1 và Điều 84 Nghị định số 100/2019/NĐ
CP ngày 30/12/2019 của Chính phủ quy định xử phạt vi phạm hành chính trong lĩnh 
vực giao thông đường bộ và đường sắt (được sửa đổi, bổ sung bởi Nghị định số 
123/2021/NĐ-CP ngày 28/12/2021 của Chính phủ sửa đổi, bổ sung một số điều của 
các Nghị định quy định xử phạt vi phạm hành chính trong lĩnh vực hàng hải; giao 
thông đường bộ, đường sắt; hàng không dân dụng): Nghị định này quy định về hành vi 
vi phạm hành chính; hình thức, mức xử phạt, biện pháp khắc phục hậu quả đối với 
từng hành vi vi phạm hành chính; thẩm quyền lập biên bản, thẩm quyền xử phạt, mức 
phạt tiền cụ thể theo từng chức danh đối với hành vi vi phạm hành chính trong lĩnh 
vực giao thông đường bộ và đường sắt. 
Nghị định này có hiệu lực thi hành từ ngày 01 tháng 01 năm 2020. 
Nghị định này thay thế Nghị định số 46/2016/NĐ-CP ngày 26 tháng 5 năm 
2016 của Chính phủ quy định xử phạt vi phạm hành chính trong lĩnh vực giao thông 
đường bộ và đường sắt.","100/2019/NĐ-CP::article::1::clause::1, 100/2019/NĐ-CP::article::84"
11,"Nghị định quy định xử phạt vi phạm hành chính trong lĩnh vực giao 
thông đường bộ có quy định xử phạt đối với người điều khiển các loại máy kéo, 
các loại xe tương tự xe ô tô, các loại xe tương tự xe mô tô, xe máy điện, các loại xe 
tương tự xe gắn máy, xe máy điện?","Theo quy định tại khoản 1 Điều 3 Nghị định số 100/2019/NĐ-CP có quy 
định xử phạt đối với người điều khiển các loại máy kéo, các loại xe tương tự xe ô tô, 
các loại xe tương tự xe mô tô, xe máy điện, các loại xe tương tự xe gắn máy, xe máy 
điện, cụ thể: 
a) Máy kéo là loại xe gồm phần đầu máy tự di chuyển, được lái bằng càng hoặc 
vô lăng và rơ moóc được kéo theo (có thể tháo rời với phần đầu kéo); 
b) Các loại xe tương tự xe ô tô là loại phương tiện giao thông đường bộ chạy 
bằng động cơ có từ hai trục, bốn bánh xe trở lên, có phần động cơ và thùng hàng (nếu 
có) lắp trên cùng một xát xi (kể cả loại xe 4 bánh chạy bằng năng lượng điện); 
c) Các loại xe tương tự xe mô tô là phương tiện giao thông đường bộ chạy bằng 
động cơ, có hai bánh hoặc ba bánh, có dung tích làm việc của động cơ từ 50 cm3 trở 
lên, có vận tốc thiết kế lớn nhất lớn hơn 50 km/h, có khối lượng bản thân không lớn 
hơn 400 kg;d) Xe máy điện là xe gắn máy được dẫn động bằng động cơ điện có công suất lớn 
nhất không lớn hơn 4 kW, có vận tốc thiết kế lớn nhất không lớn hơn 50 km/h; 
đ) Các loại xe tương tự xe gắn máy là phương tiện giao thông đường bộ chạy 
bằng động cơ, có hai bánh hoặc ba bánh và vận tốc thiết kế lớn nhất không lớn hơn 50 
km/h, trừ các xe quy định tại điểm e khoản này; 
e) Xe đạp máy là xe thô sơ hai bánh có lắp động cơ, vận tốc thiết kế lớn nhất 
không lớn hơn 25 km/h và khi tắt máy thì đạp xe đi được (kể cả xe đạp điện).",100/2019/NĐ-CP::article::3::clause::1
12,"XPVPHC trong lĩnh vực giao thông ngoài hình thức xử phạt chính, 
người có thẩm quyền có thể áp dụng những biện pháp khắc phục hậu quả nào?","Theo quy định tại khoản 1, khoản 2 Điều 4 Nghị định số 100/2019/NĐ
CP (sửa đổi, bổ sung tại khoản 34 Điều 2 Nghị định số 123/2021/NĐ-CP) có 28 biện 
pháp khắc phục hậu quả mà cá nhân có thẩm quyền có thể áp dụng đối với người có 
hành vi vi phạm hành chính trong lĩnh vực giao thông đường bộ, trong đó các biện 
pháp phổ biến được áp dụng như: 
Buộc khôi phục lại tình trạng ban đầu đã bị thay đổi do vi phạm hành chính gây 
ra; 
Buộc phá dỡ công trình, phần công trình xây dựng không có giấy phép hoặc xây 
dựng không đúng với giấy phép; 
Buộc thực hiện biện pháp để khắc phục tình trạng ô nhiễm môi trường do vi 
phạm hành chính gây ra; 
Buộc tái xuất phương tiện khỏi Việt Nam; 
Buộc nộp lại số lợi bất hợp pháp có được do thực hiện vi phạm hành chính; 
Buộc phải bố trí phương tiện khác để chở số hành khách vượt quá quy định 
được phép chở của phương tiện; 
Buộc phải đăng ký, niêm yết đầy đủ, chính xác các thông tin theo quy định; 
Buộc phải khôi phục lại nhãn hiệu, màu sơn ghi trong Giấy đăng ký xe theo quy 
định hoặc buộc phải thực hiện đúng quy định về biển số, quy định về kẻ chữ trên thành 
xe và cửa xe; 
Buộc phải khôi phục lại hình dáng, kích thước, tình trạng an toàn kỹ thuật ban 
đầu của xe và đăng kiểm lại trước khi đưa phương tiện ra tham gia giao thông; 
Buộc phải làm thủ tục đăng ký xe, đăng ký sang tên hoặc thủ tục đổi lại, thu hồi 
Giấy đăng ký xe, biển số xe, Giấy chứng nhận kiểm định an toàn kỹ thuật và bảo vệ 
môi trường theo quy định;.. Và các biện pháp khắc phục hậu quả khác được quy định tại khoản 2, Điều 4  
Nghị định số 100/2019/NĐ-CP","100/2019/NĐ-CP::article::4::clause::1, 100/2019/NĐ-CP::article::4::clause::2, 123/2021/NĐ-CP::article::2::clause::34"
13,"Khi lái xe ô tô đi trên đường mà không chấp hành hiệu lệnh, chỉ 
dẫn của biển báo hiệu, vạch kẻ đường thì bị xử phạt như thế nào?","Hành vi trên bị xử phạt theo quy định tại điểm a khoản 1 Điều 5 Nghị 
định số 100/2019/NĐ-CP (sửa đổi, bổ sung tại khoản 34 Điều 2 Nghị định số 
123/2021/NĐ-CP), cụ thể: 
Phạt tiền từ 300.000 đồng đến 400.000 đồng đối với người điều khiển xe ô tô và 
các loại xe tương tự xe ô tô mà không chấp hành hiệu lệnh, chỉ dẫn của biển báo hiệu, 
vạch kẻ đường, trừ một số hành vi bị xử phạt theo quy định khác.","100/2019/NĐ-CP::article::5::clause::1, 123/2021/NĐ-CP::article::2::clause::34"
14,"Người điều khiển xe ô tô tham gia giao thông mà khi chuyển hướng 
không nhường đường cho: Các xe đi ngược chiều; người đi bộ đang qua đường 
tại nơi không có vạch kẻ đường cho người đi bộ thì có bị xử phạt không? Nếu có 
mức xử phạt là bao nhiêu?","Hành vi trên bị xử phạt theo quy định tại điểm c khoản 1 Điều 5 Nghị 
định số 100/2019/NĐ-CP (sửa đổi, bổ sung tại khoản 34 Điều 2 Nghị định số 
123/2021/NĐ-CP): Người điều khiển xe ô tô và các loại xe tương tự xe ô tô mà chuyển 
hướng không nhường đường cho: Các xe đi ngược chiều; người đi bộ, xe lăn của 
người khuyết tật đang qua đường tại nơi không có vạch kẻ đường cho người đi bộ bị 
xử phạt từ 300.000 đồng đến 400.000 đồng.","100/2019/NĐ-CP::article::5::clause::1::point::c, 123/2021/NĐ-CP::article::2::clause::34"
15,"Người điều khiển xe ô tô khi tham gia giao thông dừng xe không có 
tín hiệu báo cho người điều khiển phương tiện khác biết bị xử phạt như thế nào?","Hành vi trên bị xử phạt theo quy định tại điểm d khoản 1 Điều 5 Nghị 
định 100/2019/NĐ-CP (sửa đổi, bổ sung tại khoản 34 Điều 2 Nghị định số 
123/2021/NĐ-CP): Phạt tiền từ 300.000 đồng đến 400.000 đồng đối với người điều 
khiển xe thực hiện hành vi vi phạm: Khi dừng xe, đỗ xe không có tín hiệu báo cho 
người điều khiển phương tiện khác biết;","100/2019/NĐ-CP::article::5::clause::1::point::d, 123/2021/NĐ-CP::article::2::clause::34"
16,"Hành vi  bấm còi trong đô thị và khu đông dân cư vào ban đêm có 
bị xử phạt vi phạm hành chính không? Mức phạt là bao nhiêu?","Hành vi trên bị xử phạt theo quy định tại Điểm g khoản 1 Điều 5 Nghị 
định số 100/2019/NĐ-CP (sửa đổi, bổ sung tại khoản 34 Điều 2 Nghị định số 
123/2021/NĐ-CP): Phạt tiền từ 300.000 đồng đến 400.000 đồng đối với người điều 
khiển xe thực hiện hành vi vi phạm sau đây: 
g) Bấm còi trong đô thị và khu đông dân cư trong thời gian từ 22 giờ ngày hôm 
trước đến 05 giờ ngày hôm sau, trừ các xe ưu tiên đang đi làm nhiệm vụ theo quy định.","100/2019/NĐ-CP::article::5::clause::1::point::g, 123/2021/NĐ-CP::article::2::clause::34"
17,"Khi điều khiển xe ô tô chuyển làn đường không đúng nơi cho phép 
hoặc không có tín hiệu báo trước thì bị xử phạt như thế nào theo quy định?","Hành vi trên bị xử phạt theo quy định tại điểm a khoản 2 Điều 5 Nghị 
định số 100/2019/NĐ-CP: 
2. Phạt tiền từ 400.000 đồng đến 600.000 đồng đối với người điều khiển xe 
thực hiện một trong các hành vi vi phạm sau đây: 
a) Chuyển làn đường không đúng nơi cho phép hoặc không có tín hiệu báo 
trước, trừ các hành vi: chuyển làn đường không đúng nơi cho phép hoặc không có tín 
hiệu báo trước khi chạy trên đường cao tốc;",100/2019/NĐ-CP::article::5::clause::2::point::a
18,"Hành vi chở nhiều người ngồi trên buồng lái có bị xử phạt VPHC 
không? Mức phạt như thế nào?","Hành vi trên bị xử phạt theo quy định tại điểm c khoản 2 Điều 5 Nghị 
định 100/2019/NĐ-CP: 
2. Phạt tiền từ 400.000 đồng đến 600.000 đồng đối với người điều khiển xe 
thực hiện hành vi vi phạm sau đây: 
c) Chở người trên buồng lái quá số lượng quy định;",100/2019/NĐ-CP::article::5::clause::2::point::c
19,"Người điều khiển xe gây tai nạn giao thông mà không đưa người bị 
nạn đi cấp cứu  bị xử phạt VPHC như thế nào?","Hành vi trên bị xử phạt theo quy định tại điểm đ khoản 2 Điều 5 Nghị 
định 100/2019/NĐ-CP: 
2. Phạt tiền từ 400.000 đồng đến 600.000 đồng đối với người điều khiển xe 
thực hiện một trong các hành vi vi phạm sau đây: 
đ) Điều khiển xe có liên quan trực tiếp đến vụ tai nạn giao thông mà không 
dừng lại, không giữ nguyên hiện trường, không tham gia cấp cứu người bị nạn, trừ 
hành vi vi phạm quy định tại điểm b khoản 8 Điều này;",100/2019/NĐ-CP::article::5::clause::2::point::đ
20,"Lái xe ô tô quay đầu xe ở phần đường dành cho người đi bộ qua 
đường trừ trường hợp tổ chức giao thông tại những khu vực này có bố trí nơi 
quay đầu xe thì bị xử phạt như thế nào?","Hành vi trên bị xử phạt theo quy định tại điểm k khoản 2 Điều 5 Nghị 
định số 100/2019/NĐ-CP, cụ thể: 
2. Phạt tiền từ 400.000 đồng đến 600.000 đồng đối với người điều khiển xe 
thực hiện hành vi vi phạm sau đây: k) Quay đầu xe ở phần đường dành cho người đi bộ qua đường, trên cầu, đầu 
cầu, ngầm, gầm cầu vượt, trừ trường hợp tổ chức giao thông tại những khu vực này có 
bố trí nơi quay đầu xe.",100/2019/NĐ-CP::article::5::clause::2::point::k
21,"Đối với các xe không phải xe ưu tiên mà người lái xe ô tô bấm còi, 
rú ga liên tục trong khu dân cư bị xử phạt như thế nào?","Hành vi trên bị xử phạt theo quy định tại điểm b khoản 3 Điều 5 Nghị 
định số 100/2019/NĐ-CP, cụ thể: 
3. Phạt tiền từ 800.000 đồng đến 1.000.000 đồng đối với người điều khiển xe 
thực hiện hành vi vi phạm sau đây: 
b) Bấm còi, rú ga liên tục; bấm còi hơi, sử dụng đèn chiếu xa trong đô thị, khu 
đông dân cư, trừ các xe ưu tiên đang đi làm nhiệm vụ theo quy định.",100/2019/NĐ-CP::article::5::clause::3::point::b
22,"Người điều khiển xe khi tham gia giao thông chuyển hướng không 
giảm tốc độ hoặc không có tín hiệu báo hướng rẽ bị xử phạt như thế nào?","Hành vi trên bị xử phạt theo quy định tại điểm c khoản 3 Điều 5 Nghị 
định số 100/2019/NĐ-CP, cụ thể: 
3. Phạt tiền từ 800.000 đồng đến 1.000.000 đồng đối với người điều khiển xe 
thực hiện hành vi vi phạm sau đây: 
c) Chuyển hướng không giảm tốc độ hoặc không có tín hiệu báo hướng rẽ (trừ 
trường hợp điều khiển xe đi theo hướng cong của đoạn đường bộ ở nơi đường không 
giao nhau cùng mức).",100/2019/NĐ-CP::article::5::clause::3::point::c
23,"Người điều khiển xe khi tham gia giao thông không sử dụng đèn 
chiếu sáng vào ban đêm bị xử phạt như thế nào?","Hành vi trên bị xử phạt theo quy định tại điểm g khoản 3 Điều 5 Nghị 
định số 100/2019/NĐ-CP, cụ thể: 
3. Phạt tiền từ 800.000 đồng đến 1.000.000 đồng đối với người điều khiển xe 
thực hiện hành vi vi phạm sau đây: 
g) Không sử dụng hoặc sử dụng không đủ đèn chiếu sáng trong thời gian từ 19 
giờ ngày hôm trước đến 05 giờ ngày hôm sau, khi sương mù, thời tiết xấu hạn chế tầm 
nhìn; sử dụng đèn chiếu xa khi tránh xe đi ngược chiều.",100/2019/NĐ-CP::article::5::clause::3::point::g
24,"Hành vi quay đầu xe nơi đường hẹp, đường dốc có bị xử phạt 
VPHC không?","Hành vi trên bị xử phạt theo quy định tại điểm k khoản 3 Điều 5 Nghị 
định số 100/2019/NĐ-CP (sửa đổi, bổ sung tại điểm a khoản 3 Điều 2 Nghị định số 
123/2021/NĐ-CP), cụ thể: 3. Phạt tiền từ 800.000 đồng đến 1.000.000 đồng đối với người điều khiển xe 
thực hiện hành vi vi phạm sau đây: 
k) Quay đầu xe tại nơi đường bộ giao nhau cùng mức với đường sắt; quay đầu 
xe tại nơi đường hẹp, đường dốc, đoạn đường cong tầm nhìn bị che khuất, nơi có biển 
báo hiệu có nội dung cấm quay đầu đối với loại phương tiện đang điều khiển; điều 
khiển xe rẽ trái tại nơi có biển báo hiệu có nội dung cấm rẽ trái đối với loại phương 
tiện đang điều khiển; điều khiển xe rẽ phải tại nơi có biển báo hiệu có nội dung cấm rẽ 
phải đối với loại phương tiện đang điều khiển;","100/2019/NĐ-CP::article::5::clause::3::point::k, 123/2021/NĐ-CP::article::2::clause::3::point::a"
25,"Hành vi không giảm tốc độ và nhường đường khi điều khiển xe 
chạy từ trong ngõ ra bị xử phạt như thế nào?","Hành vi trên bị xử phạt theo quy định tại điểm m khoản 3 Điều 5 Nghị 
định số 100/2019/NĐ-CP, cụ thể: 
3. Phạt tiền từ 800.000 đồng đến 1.000.000 đồng đối với người điều khiển xe 
thực hiện hành vi vi phạm sau đây: 
m) Không giảm tốc độ và nhường đường khi điều khiển xe chạy từ trong ngõ, 
đường nhánh ra đường chính;",100/2019/NĐ-CP::article::5::clause::3::point::m
26,"Người ngồi trên xe ô tô không thắt dây an toàn khi xe đang chạy có 
bị xử phạt vi phạm không? Mức phạt là bao nhiêu?","Hành vi này vi phạm quy tắc giao thông đường bộ và bị xử phạt theo quy 
định tại điểm p, điểm q khoản 3 Điều 5 Nghị định số 100/2019/NĐ-CP, cụ thể: 
3. Phạt tiền từ 800.000 đồng đến 1.000.000 đồng đối với người điều khiển xe 
thực hiện một trong các hành vi vi phạm sau đây: 
p) Không thắt dây an toàn khi điều khiển xe chạy trên đường; 
q) Chở người trên xe ô tô không thắt dây an toàn (tại vị trí có trang bị dây an 
toàn) khi xe đang chạy;","100/2019/NĐ-CP::article::5::clause::3::point::p, 100/2019/NĐ-CP::article::5::clause::3::point::q"
27,"Hành vi sử dụng điện thoại di động khi đang lái xe ô tô bị xử phạt 
như thế nào theo quy định?","Hành vi này bị xử phạt theo quy định tại điểm a khoản 4 Điều 5 Nghị 
định số 100/2019/NĐ-CP (sửa đổi, bổ sung tại điểm d khoản 34 Điều 2 Nghị định số 
123/2021/NĐ-CP), cụ thể: 
4. Phạt tiền từ 2.000.000 đồng đến 3.000.000 đồng đối với người điều khiển xe 
thực hiện hành vi vi phạm sau đây: 
a) Dùng tay sử dụng điện thoại di động khi đang điều khiển xe chạy trên đường;  Ngoài việc bị phạt tiền, người điều khiển xe thực hiện hành vi vi phạm còn bị 
áp dụng hình thức xử phạt bổ sung: Tước quyền sử dụng Giấy phép lái xe từ 01 tháng 
đến 03 tháng.","100/2019/NĐ-CP::article::5::clause::4::point::a, 123/2021/NĐ-CP::article::2::clause::34::point::d"
28,"Hành vi điều khiển xe không đủ điều kiện để thu phí theo hình 
thức điện tử tự động không dừng có bị xử phạt không? Nếu có mức phạt là bao 
nhiêu?","Hành vi trên bị xử phạt theo quy định tại điểm c khoản 4 Điều 5 Nghị 
định số 100/2019/NĐ-CP (sửa đổi, bổ sung tại điểm b khoản 3 và điểm d khoản 34 
Điều 2 Nghị định số 123/2021/NĐ-CP), cụ thể: 
Phạt tiền từ 2.000.000 đồng đến 3.000.000 đồng đối với người điều khiển xe 
thực hiện hành vi vi phạm: 
c) Điều khiển xe không đủ điều kiện để thu phí theo hình thức điện tử tự động 
không dừng (xe không gắn thẻ đầu cuối hoặc gắn thẻ đầu cuối mà số tiền trong tài 
khoản thu phí không đủ để chi trả khi qua làn thu phí điện tử tự động không dừng) đi 
vào làn đường dành riêng thu phí theo hình thức điện tử tự động không dừng tại các 
trạm thu phí; 
Ngoài việc bị phạt tiền, người điều khiển xe thực hiện hành vi vi phạm còn bị 
áp dụng hình thức xử phạt bổ sung: Tước quyền sử dụng Giấy phép lái xe từ 01 tháng 
đến 03 tháng.","100/2019/NĐ-CP::article::5::clause::4::point::c, 123/2021/NĐ-CP::article::2::clause::34::point::d, 123/2021/NĐ-CP::article::2::clause::3::point::b"
29,"Người lái xe ô tô vượt đèn đỏ, đèn vàng hay không chấp hành hiệu 
lệnh của Cảnh sát giao thông bị xử phạt như thế nào?","Hành vi trên bị xử phạt theo quy định tại điểm a, b khoản 5 Điều 5 Nghị 
định số 100/2019/NĐ-CP (sửa đổi, bổ sung tại khoản 34 Nghị định số 123/2021/NĐ
CP), cụ thể: 
Phạt tiền từ 4.000.000 đồng đến 6.000.000 đồng đối với người điều khiển xe 
thực hiện một trong các hành vi vi phạm sau đây: 
a) Không chấp hành hiệu lệnh của đèn tín hiệu giao thông; 
b) Không chấp hành hiệu lệnh, hướng dẫn của người điều khiển giao thông 
hoặc người kiểm soát giao thông; 
Ngoài việc bị phạt tiền theo quy định người thực hiện hành vi này còn bị tước 
quyền sử dụng Giấy phép lái xe từ 01 tháng đến 03 tháng theo điểm b khoản 11 Điều 5 
Nghị định số 100/2019/NĐ-CP (sửa đổi, bổ sung tại khoản 34 Nghị định số 
123/2021/NĐ-CP).","100/2019/NĐ-CP::article::5::clause::5::point::a, 100/2019/NĐ-CP::article::5::clause::5::point::b, 100/2019/NĐ-CP::article::5::clause::11::point::b, 123/2021/NĐ-CP::article::2::clause::34"
30,Hành vi lái xe ô tô chạy quá tốc độ thì bị xử phạt như thế nào?,"Tùy theo mức độ vượt quá tốc độ quy định, hành vi này của anh bị xử 
phạt theo quy định tại điểm a khoản 3, điểm i khoản 5 (sửa đổi, bổ sung tại khoản 34 
Điều 2 Nghị định số 123/2021/NĐ-CP), điểm a khoản 6, hay điểm c khoản 7 (sửa đổi, 
bổ sung tại khoản 3 Điều 2 Nghị định 123/NĐ-CP) Điều 5 Nghị định số 100/2019/NĐ
CP, cụ thể: 
3. Phạt tiền từ 800.000 đồng đến 1.000.000 đồng đối với người điều khiển xe 
thực hiện một trong các hành vi vi phạm sau đây: 
a) Điều khiển xe chạy quá tốc độ quy định từ 05 km/h đến dưới 10 km/h; 
5. Phạt tiền từ 4.000.000 đồng đến 6.000.000 đồng đối với người điều khiển xe 
thực hiện một trong các hành vi vi phạm sau đây: 
i) Điều khiển xe chạy quá tốc độ quy định từ 10 km/h đến 20 km/h. 
Ngoài việc bị phạt tiền theo quy định người thực hiện hành vi này còn bị tước 
quyền sử dụng Giấy phép lái xe từ 01 tháng đến 03 tháng theo điểm b khoản 11 Điều 5 
Nghị định số 100/2019/NĐ-CP (sửa đổi, bổ sung tại khoản 34 Nghị định số 
123/2021/NĐ-CP). 
6. Phạt tiền từ 6.000.000 đồng đến 8.000.000 đồng đối với người điều khiển xe 
thực hiện một trong các hành vi vi phạm sau đây: 
a) Điều khiển xe chạy quá tốc độ quy định trên 20 km/h đến 35 km/h; 
Ngoài việc bị phạt tiền theo quy định người thực hiện hành vi này còn bị tước 
quyền sử dụng Giấy phép lái xe từ 02 tháng đến 04 tháng theo điểm c khoản 11 Điều 5 
Nghị định số 100/2019/NĐ-CP. 
7. Phạt tiền từ 10.000.000 đồng đến 12.000.000 đồng đối với người điều khiển 
xe thực hiện một trong các hành vi vi phạm sau đây: 
c) Điều khiển xe chạy quá tốc độ quy định trên 35 km/h; 
Ngoài việc bị phạt tiền theo quy định người thực hiện hành vi này còn bị tước 
quyền sử dụng Giấy phép lái xe từ 02 tháng đến 04 tháng theo điểm c khoản 11 Điều 5 
Nghị định số 100/2019/NĐ-CP.","100/2019/NĐ-CP::article::5::clause::3::point::a, 100/2019/NĐ-CP::article::5::clause::5::point::i, 100/2019/NĐ-CP::article::5::clause::6::point::a, 100/2019/NĐ-CP::article::5::clause::7::point::c, 123/2021/NĐ-CP::article::2::clause::34, 123/2021/NĐ-CP::article::2::clause::3, 100/2019/NĐ-CP::article::5::clause::11::point::b, 100/2019/NĐ-CP::article::5::clause::11::point::c"
31,"Hành vi điều khiển xe ô tô sau khi sử dụng rượu, bia bị xử phạt 
như thế nào?","Tùy thuộc vào mức độ của nồng độ cồn trong máu, khí thở mà hành vi 
trên bị xử phạt theo các quy định tại điểm c khoản 6, điểm c khoản 8, điểm a khoản 10 
Điều 5 Nghị định số 100/2019/NĐ-CP, cụ thể: 
6. Phạt tiền từ 6.000.000 đồng đến 8.000.000 đồng đối với người điều khiển xe 
thực hiện một trong các hành vi vi phạm sau đây: c) Điều khiển xe trên đường mà trong máu hoặc hơi thở có nồng độ cồn nhưng 
chưa vượt quá 50 miligam/100 mililít máu hoặc chưa vượt quá 0,25 miligam/1 lít khí 
thở;  
Ngoài việc bị phạt tiền người thực hiện hành vi này còn bị tước quyền sử dụng 
Giấy phép lái xe từ 10 đến 12 tháng theo quy định tại điểm e khoản 11 Điều 5 Nghị 
định số 100/2019/NĐ-CP. 
8. Phạt tiền từ 16.000.000 đồng đến 18.000.000 đồng đối với người điều khiển 
xe thực hiện một trong các hành vi vi phạm sau đây: 
c) Điều khiển xe trên đường mà trong máu hoặc hơi thở có nồng độ cồn vượt 
quá 50 miligam đến 80 miligam/100 mililít máu hoặc vượt quá 0,25 miligam đến 0,4 
miligam/1 lít khí thở. 
Ngoài việc bị phạt tiền người thực hiện hành vi này còn bị tước quyền sử dụng 
Giấy phép lái xe từ 16 đến 18 tháng theo quy định tại điểm g khoản 11 Điều 5 Nghị 
định số 100/2019/NĐ-CP. 
10. Phạt tiền từ 30.000.000 đồng đến 40.000.000 đồng đối với người điều khiển 
xe thực hiện một trong các hành vi vi phạm sau đây: 
a) Điều khiển xe trên đường mà trong máu hoặc hơi thở có nồng độ cồn vượt 
quá 80 miligam/100 mililít máu hoặc vượt quá 0,4 miligam/1 lít khí thở; 
Ngoài việc bị phạt tiền người thực hiện hành vi này còn bị tước quyền sử dụng 
Giấy phép lái xe từ 22 đến 24 tháng theo quy định tại điểm h khoản 11 Điều 5 Nghị 
định số 100/2019/NĐ-CP.","100/2019/NĐ-CP::article::5::clause::6::point::c, 100/2019/NĐ-CP::article::5::clause::8::point::c, 100/2019/NĐ-CP::article::5::clause::10::point::a, 100/2019/NĐ-CP::article::5::clause::11::point::e, 100/2019/NĐ-CP::article::5::clause::11::point::g, 100/2019/NĐ-CP::article::5::clause::11::point::h"
32,Hành vi vượt xe trước không báo hiệu thì có bị xử phạt không?,"Hành vi trên bị xử phạt theo quy định tại điểm b khoản 1 Điều 6 Nghị 
định số 100/2019/NĐ-CP, cụ thể: 
1. Phạt tiền từ 100.000 đồng đến 200.000 đồng đối với người điều khiển xe 
thực hiện hành vi vi phạm sau đây: 
b) Không có báo hiệu xin vượt trước khi vượt;",100/2019/NĐ-CP::article::6::clause::1::point::b
33,"Hành vi chuyển làn mà không có tín hiệu báo trước có bị xử phạt 
không?","Hành vi trên bị xử phạt theo quy định tại điểm i khoản 1 Điều 6 Nghị định 
số 100/2019/NĐ-CP, cụ thể: 
1. Phạt tiền từ 100.000 đồng đến 200.000 đồng đối với người điều khiển xe 
thực hiện hành vi vi phạm sau đây: i) Chuyển làn đường không đúng nơi được phép hoặc không có tín hiệu báo 
trước;",100/2019/NĐ-CP::article::6::clause::1::point::i
34,"Đi xe máy trên đường không báo hiệu khi rẽ trái, rẽ phải thì bị xử 
phạt như thế nào?","Hành vi trên bị xử phạt từ 400.000 đồng đến 600.000 đồng theo quy định 
tại điểm a khoản 3 Điều 6 Nghị định số 100/2019/NĐ-CP (sửa đổi, bổ sung tại điểm a 
khoản 4 Điều 2 Nghị định số 123/2021/NĐ-CP), cụ thể: 
3. Phạt tiền từ 400.000 đồng đến 600.000 đồng đối với người điều khiển xe 
thực hiện hành vi vi phạm sau đây: 
a) Chuyển hướng không giảm tốc độ hoặc không có tín hiệu báo hướng rẽ (trừ 
trường hợp điều khiển xe đi theo hướng cong của đoạn đường bộ ở nơi đường không 
giao nhau cùng mức); điều khiển xe rẽ trái tại nơi có biển báo hiệu có nội dung cấm rẽ 
trái đối với loại phương tiện đang điều khiển; điều khiển xe rẽ phải tại nơi có biển báo 
hiệu có nội dung cấm rẽ phải đối với loại phương tiện đang điều khiển;","100/2019/NĐ-CP::article::6::clause::3::point::a, 123/2021/NĐ-CP::article::2::clause::4::point::a"
35,"Đi xe máy trên đường chở theo 2 người lớn thì bị xử phạt như thế 
nào?","Hành vi trên bị xử phạt theo quy định tại điểm l khoản 2 Điều 6 Nghị định 
số 100/2019/NĐ-CP (sửa đổi, bổ sung tại khoản 34 Điều 2 Nghị định số 
123/2021/NĐ-CP), cụ thể: 
2. Phạt tiền từ 300.000 đồng đến 400.000 đồng đối với người điều khiển xe 
thực hiện hành vi vi phạm sau đây: 
l) Chở theo 02 người trên xe, trừ trường hợp chở người bệnh đi cấp cứu, trẻ em 
dưới 14 tuổi, áp giải người có hành vi vi phạm pháp luật;","100/2019/NĐ-CP::article::6::clause::2::point::l, 123/2021/NĐ-CP::article::2::clause::34"
36,Đi xe máy chở theo 3 người trên xe thì bị xử phạt như thế nào?,"Hành vi trên bị xử phạt theo quy đinh tại điểm b khoản 3 Điều 6 Nghị 
định số 100/2019/NĐ-CP, cụ thể: 
3. Phạt tiền từ 400.000 đồng đến 600.000 đồng đối với người điều khiển xe 
thực hiện hành vi vi phạm sau đây: 
b) Chở theo từ 03 người trở lên trên xe; 
Ngoài việc bị xử phạt tiền, người điều khiển xe thực hiện hành vi này còn bị 
tước quyền sử dụng Giấy phép lái xe từ 1 đến 3 tháng theo quy định điểm b khoản 10 
Điều 6 Nghị định số 100/2019/NĐ-CP.","100/2019/NĐ-CP::article::6::clause::3::point::b, 100/2019/NĐ-CP::article::6::clause::10::point::b"
37,"Hành vi đi xe máy mà sai làn đường quy định thì bị xử phạt như 
thế nào?","Hành vi trên bị xử phạt theo quy định tại điểm g khoản 3 Điều 6 Nghị 
định số 100/2019/NĐ-CP, cụ thể: 
3. Phạt tiền từ 400.000 đồng đến 600.000 đồng đối với người điều khiển xe 
thực hiện hành vi vi phạm sau đây: 
g) Điều khiển xe không đi bên phải theo chiều đi của mình; đi không đúng phần 
đường, làn đường quy định (làn cùng chiều hoặc làn ngược chiều); điều khiển xe đi 
qua dải phân cách cố định ở giữa hai phần đường xe chạy; điều khiển xe đi trên hè 
phố, trừ trường hợp điều khiển xe đi qua hè phố để vào nhà;",100/2019/NĐ-CP::article::6::clause::3::point::g
38,Khi đi xe máy vào đường cấm thì bị xử phạt như thế nào?,"Hành vi trên bị xử phạt theo quy định tại điểm i khoản 3 Điều 6 Nghị định 
số 100/2019/NĐ-CP, cụ thể: 
3. Phạt tiền từ 400.000 đồng đến 600.000 đồng đối với người điều khiển xe 
thực hiện hành vi vi phạm sau đây: 
i) Đi vào khu vực cấm, đường có biển báo hiệu có nội dung cấm đi vào đối với 
loại phương tiện đang điều khiển, trừ các hành vi vi phạm quy định tại khoản 5, điểm b 
khoản 6 Điều này và các trường hợp xe ưu tiên đang đi làm nhiệm vụ khẩn cấp theo 
quy định; 
Ngoài việc bị phạt tiền, người điều khiển xe thực hiện hành vi vi phạm còn bị 
áp dụng hình thức xử phạt bổ sung: Tước quyền sử dụng Giấy phép lái xe từ 01 tháng 
đến 03 tháng.","100/2019/NĐ-CP::article::6::clause::3::point::i, 100/2019/NĐ-CP::article::6::clause::5, 100/2019/NĐ-CP::article::6::clause::6::point::b"
39,Vừa đi xe máy vừa đeo tai nghe bị xử phạt như thế nào?,"Hành vi trên bị xử phạt theo quy định tại điểm h khoản 4 Điều 6 Nghị 
định số 100/2019/NĐ-CP (sửa đổi, bổ sung tại khoản 34 Điều 2 Nghị định số 
123/2021/NĐ-CP), cụ thể: 
4. Phạt tiền từ 800.000 đồng đến 1.000.000 đồng đối với người điều khiển xe 
thực hiện hành vi vi phạm sau đây: 
h) Người đang điều khiển xe sử dụng ô (dù), điện thoại di động, thiết bị âm 
thanh, trừ thiết bị trợ thính. 
Ngoài việc bị phạt tiền, người điều khiển xe thực hiện hành vi vi phạm còn bị 
áp dụng hình thức xử phạt bổ sung: Tước quyền sử dụng Giấy phép lái xe từ 01 tháng 
đến 03 tháng.","100/2019/NĐ-CP::article::6::clause::4::point::h, 123/2021/NĐ-CP::article::2::clause::34"
40,"Đi xe máy vượt đèn đỏ, đèn vàng thì bị xử phạt như thế nào?","Hành vi trên bị xử phạt theo quy định tại điểm e khoản 4 Điều 6 Nghị 
định số 100/2019/NĐ-CP (sửa đổi, bổ sung tại khoản 34 Điều 2 Nghị định số 
123/2021/NĐ-CP), cụ thể: 4. Phạt tiền từ 800.000 đồng đến 1.000.000 đồng đối với người điều khiển xe 
thực hiện hành vi vi phạm sau đây: 
e) Không chấp hành hiệu lệnh của đèn tín hiệu giao thông; 
Ngoài việc bị phạt tiền, người điều khiển xe thực hiện hành vi vi phạm còn bị 
áp dụng hình thức xử phạt bổ sung: Tước quyền sử dụng Giấy phép lái xe từ 01 tháng 
đến 03 tháng.",100/2019/NĐ-CP::article::6::clause::4::point::e
41,"Đi xe máy ngược chiều của đường một chiều thì bị xử phạt như 
thế nào?","Hành vi trên bị xử phạt theo quy định tại điểm a khoản 5 Điều 6 Nghị 
định số 100/2019/NĐ-CP (sửa đổi, bổ sung tại khoản 4 Điều 2 Nghị định số 
123/2021/NĐ-CP), cụ thể: 
5. Phạt tiền từ 1.000.000 đồng đến 2.000.000 đồng đối với người điều khiển xe 
thực hiện một trong các hành vi vi phạm sau đây: 
a) Đi ngược chiều của đường một chiều, đi ngược chiều trên đường có biển 
“Cấm đi ngược chiều”, trừ hành vi vi phạm quy định tại điểm b khoản 6 Điều này và 
các trường hợp xe ưu tiên đang đi làm nhiệm vụ khẩn cấp theo quy định; 
Ngoài việc bị phạt tiền, người điều khiển xe thực hiện hành vi vi phạm còn bị 
áp dụng hình thức xử phạt bổ sung: Tước quyền sử dụng Giấy phép lái xe từ 01 tháng 
đến 03 tháng.","100/2019/NĐ-CP::article::6::clause::5, 123/2021/NĐ-CP::article::2::clause::4, 100/2019/NĐ-CP::article::6::clause::6::point::b"
42,Hành vi dùng chân điều khiển xe bị xử phạt như thế nào?,"Hành vi trên bị xử phạt theo quy định tại điểm a khoản 8 Điều 6 Nghị 
định số 100/2019/NĐ-CP, cụ thể: 
8. Phạt tiền từ 6.000.000 đồng đến 8.000.000 đồng đối với người điều khiển xe 
thực hiện một trong các hành vi vi phạm sau đây: 
a) Buông cả hai tay khi đang điều khiển xe; dùng chân điều khiển xe; ngồi về 
một bên điều khiển xe; nằm trên yên xe điều khiển xe; thay người điều khiển khi xe 
đang chạy; quay người về phía sau để điều khiển xe hoặc bịt mắt điều khiển xe; 
Ngoài việc bị xử phạt tiền, người thực hiện hành vi này còn bị tước quyền sử 
dụng Giấy phép lái xe từ 2 đến 4 tháng theo quy định điểm c khoản 10 Điều 6 Nghị 
định số 100/2019/NĐ-CP.","100/2019/NĐ-CP::article::6::clause::8::point::a, 100/2019/NĐ-CP::article::6::clause::10::point::c"
43,"Hành vi điều khiển xe bằng một bánh khi tham gia giao thông bị 
xử phạt như thế nào?","Hành vi trên bị xử phạt theo quy định tại điểm c khoản 8 Điều 6 Nghị 
định số 100/2019/NĐ-CP, cụ thể: 8. Phạt tiền từ 6.000.000 đồng đến 8.000.000 đồng đối với người điều khiển xe 
thực hiện một trong các hành vi vi phạm sau đây: 
c) Điều khiển xe chạy bằng một bánh đối với xe hai bánh, chạy bằng hai bánh 
đối với xe ba bánh; 
Ngoài việc bị phạt tiền, người điều khiển xe thực hiện hành vi vi phạm còn bị 
áp dụng hình thức xử phạt bổ sung: Tước quyền sử dụng Giấy phép lái xe từ 02 tháng 
đến 04 tháng.",100/2019/NĐ-CP::article::6::clause::8::point::c
44,"Người đi bộ đi qua đường không đúng nơi quy định có vi phạm và 
bị xử phạt không?","Hành vi trên bị xử phạt theo quy định tại điểm a khoản 1 Điều 9 Nghị 
định số 100/2019/NĐ-CP, cụ thể: 
1. Phạt tiền từ 60.000 đồng đến 100.000 đồng đối với người đi bộ thực hiện một 
trong các hành vi vi phạm sau đây: 
a) Không đi đúng phần đường quy định; vượt qua dải phân cách; đi qua đường 
không đúng nơi quy định hoặc không bảo đảm an toàn",100/2019/NĐ-CP::article::9::clause::1::point::a
45,"Người đi bộ có được đi vào đường cao tốc không? Vi phạm bị xử 
phạt như thế nào?","Hành vi trên có vi phạm pháp luật và bị xử phạt theo quy định tại khoản 2 
Điều 9 Nghị định số 100/2019/NĐ-CP, cụ thể: 
2. Phạt tiền từ 100.000 đồng đến 200.000 đồng đối với người đi bộ đi vào 
đường cao tốc, trừ người phục vụ việc quản lý, bảo trì đường cao tốc.",100/2019/NĐ-CP::article::9::clause::2
46,"Hành vi đá bóng, đá cầu trái phép trên đường bộ bị xử phạt như 
thế nào?","Hành vi trên bị xử phạt theo quy định tại điểm b khoản 2 Điều 11 Nghị 
định số 100/2019/NĐ-CP, cụ thể: 
2. Phạt tiền từ 100.000 đồng đến 200.000 đồng đối với cá nhân thực hiện một 
trong các hành vi vi phạm sau đây: 
b) Đá bóng, đá cầu, chơi cầu lông hoặc các hoạt động thể thao khác trái phép 
trên đường bộ; sử dụng bàn trượt, pa-tanh, các thiết bị tương tự trên phần đường xe 
chạy;",100/2019/NĐ-CP::article::11::clause::2::point::b
47,"Hành vi phơi thóc, lúa trên đường bộ có bị xử phạt không?","Hành vi trên bị xử phạt theo quy định tại điểm b khoản 1 Điều 12 Nghị 
định số 100/2019/NĐ-CP, cụ thể: 1. Phạt tiền từ 100.000 đồng đến 200.000 đồng đối với cá nhân, từ 200.000 
đồng đến 400.000 đồng đối với tổ chức thực hiện một trong các hành vi vi phạm sau 
đây: 
b) Phơi thóc, lúa, rơm, rạ, nông, lâm, hải sản trên đường bộ; đặt máy tuốt lúa 
trên đường bộ; 
Ngoài việc bị xử phạt tiền, người thực hiện hành vi này còn bị áp dụng biện 
pháp khắc phục hậu quả quy định tại điểm a khoản 10 Điều 12 Nghị định số 
100/2019/NĐ-CP",100/2019/NĐ-CP::article::12::clause::1::point::b
48,"Hành vi trồng cây trong phạm vi đất dành cho đường bộ làm che 
khuất tầm nhìn của người điều khiển phương tiện giao thông có bị xử phạt 
không?","Hành vi trên bị xử phạt theo quy định tại điểm b khoản 2 Điều 12 Nghị 
định số 100/2019/NĐ-CP, cụ thể: 
2. Phạt tiền từ 300.000 đồng đến 400.000 đồng đối với cá nhân, từ 600.000 
đồng đến 800.000 đồng đối với tổ chức thực hiện một trong các hành vi vi phạm sau 
đây: 
b) Trồng cây trong phạm vi đất dành cho đường bộ làm che khuất tầm nhìn của 
người điều khiển phương tiện giao thông; 
Ngoài việc bị xử phạt tiền, người thực hiện hành vi này còn bị áp dụng biện 
pháp khắc phục hậu quả quy định tại điểm b khoản 10 Điều 12 Nghị định số 
100/2019/NĐ-CP.",100/2019/NĐ-CP::article::12::clause::2::point::b
49,"Đi xe máy không mang theo Giấy đăng ký xe có vi phạm và bị xử 
phạt hay không?","Hành vi trên bị xử phạt theo quy định tại điểm b khoản 2 Điều 21 Nghị 
định số 100/2019/NĐ-CP (sửa đổi, bổ sung tại khoản 11 Điều 2 Nghị định số 
123/2021/NĐ-CP), cụ thể:  
2. Phạt tiền từ 100.000 đồng đến 200.000 đồng đối với một trong các hành vi vi 
phạm sau đây: 
b) Người điều khiển xe mô tô, xe gắn máy, các loại xe tương tự xe mô tô và các 
loại xe tương tự xe gắn máy không mang theo Giấy đăng ký xe;","100/2019/NĐ-CP::article::21::clause::2::point::b, 123/2021/NĐ-CP::article::2::clause::11"
50,Người 17 tuổi đi xe máy có bị xử phạt không?,"Hành vi nêu trên có thể bị xử phạt theo quy định tại điểm a khoản 4 Điều 
21 Nghị định số 100/2019/NĐ-CP (sửa đổi, bổ sung tại khoản 11 Điều 2 Nghị định số 
123/2021/NĐ-CP), cụ thể: 4. Phạt tiền từ 400.000 đồng đến 600.000 đồng đối với một trong các hành vi vi 
phạm sau đây: 
a) Người từ đủ 16 tuổi đến dưới 18 tuổi điều khiển xe mô tô có dung tích xi 
lanh từ 50 cm3 trở lên;","100/2019/NĐ-CP::article::21::clause::4::point::a, 123/2021/NĐ-CP::article::2::clause::11"
51,"Hành vi điều khiển mô tô hai bánh mà không có Giấy phép lái xe 
thì bị xử phạt như thế nào?","Hành vi trên bị xử phạt theo điểm a khoản 5 Điều 21 Nghị định số 
100/2019/NĐ-CP (sửa đổi, bổ sung tại khoản 11 Điều 2 nghị định số 123/2021/NĐ
CP), cụ thể: 
5. Phạt tiền từ 1.000.000 đồng đến 2.000.000 đồng đối với người điều khiển xe 
mô tô hai bánh có dung tích xi lanh dưới 175 cm3 và các loại xe tương tự xe mô tô 
thực hiện một trong các hành vi vi phạm sau đây: 
a) Không có Giấy phép lái xe hoặc sử dụng Giấy phép lái xe không do cơ quan 
có thẩm quyền cấp, Giấy phép lái xe bị tẩy xóa; 
Ngoài việc bị phạt tiền, người điều khiển phương tiện thực hiện hành vi vi 
phạm còn bị áp dụng hình thức xử phạt bổ sung: Tịch thu Giấy phép lái xe không do 
cơ quan có thẩm quyền cấp, Giấy phép lái xe bị tẩy xóa.","100/2019/NĐ-CP::article::21::clause::5, 123/2021/NĐ-CP::article::2::clause::11"
52,"Hành vi điều khiển xe mô tô không có Giấy đăng ký xe bị xử phạt 
như thế nào?","Hành vi trên bị xử phạt theo quy định tại điểm a khoản 2 Điều 17 Nghị 
định số 100/2019/NĐ-CP (sửa đổi, bổ sung tại khoản 34 Điều 2 Nghị định số 
123/2021/NĐ-CP), cụ thể: 
2. Phạt tiền từ 800.000 đồng đến 1.000.000 đồng đối với một trong các hành vi 
vi phạm sau đây: 
a) Điều khiển xe không có Giấy đăng ký xe theo quy định hoặc sử dụng Giấy 
đăng ký xe đã hết hạn sử dụng; 
Ngoài việc bị phạt tiền, người điều khiển xe thực hiện hành vi vi phạm còn bị 
áp dụng  hình thức xử phạt bổ sung: Tịch thu phương tiện","100/2019/NĐ-CP::article::17::clause::2::point::a, 123/2021/NĐ-CP::article::2::clause::34"
53,"Hành vi điều khiển xe mô tô mà không có Giấy chứng nhận bảo 
hiểm trách nhiệm dân sự thì bị xử phạt như thế nào?","Hành vi trên bị xử phạt theo điểm a khoản 2 Điều 21 Nghị định số 
100/2019/NĐ-CP (sửa đổi, bổ sung tại khoản 11 Điều 2 Nghị định số 123/2021/NĐ
CP), cụ thể:  
đây: 
2. Phạt tiền từ 100.000 đồng đến 200.000 đồng đối với hành vi vi phạm sau đây: a) Người điều khiển xe mô tô, xe gắn máy, các loại xe tương tự xe mô tô và các 
loại xe tương tự xe gắn máy không có hoặc không mang theo Giấy chứng nhận bảo 
hiểm trách nhiệm dân sự của chủ xe cơ giới còn hiệu lực;","100/2019/NĐ-CP::article::21::clause::2::point::a, 123/2021/NĐ-CP::article::2::clause::11"
54,"Theo quy định của pháp luật hành vi không đội mũ bảo hiểm khi 
đi xe máy bị xử phạt như thế nào?","Hành vi trên bị xử phạt theo quy định tại khoản 3 Điều 6 Nghị định số 
100/2019/NĐ-CP (bổ sung tại khoản 4 Điều 2 Nghị định số 123/2021/NĐ-CP), cụ 
thể:  
Phạt tiền từ 400.000 đồng đến 600.000 đồng đối với người điều khiển xe thực 
hiện một trong các hành vi vi phạm sau đây: 
n) Không đội “mũ bảo hiểm cho người đi mô tô, xe máy” hoặc đội “mũ bảo 
hiểm cho người đi mô tô, xe máy” không cài quai đúng quy cách khi điều khiển xe 
tham gia giao thông trên đường bộ; 
o) Chở người ngồi trên xe không đội “mũ bảo hiểm cho người đi mô tô, xe 
máy” hoặc đội “mũ bảo hiểm cho người đi mô tô, xe máy” không cài quai đúng quy 
cách, trừ trường hợp chở người bệnh đi cấp cứu, trẻ em dưới 06 tuổi, áp giải người có 
hành vi vi phạm pháp luật.","100/2019/NĐ-CP::article::6::clause::3, 123/2021/NĐ-CP::article::2::clause::4"
55,"Hành vi dừng xe, đỗ xe không đúng nơi quy định khi đi xe máy thì 
bị xử phạt như thế nào?","Hành vi trên bị xử phạt theo quy định tại điểm a, điểm đ, điểm h khoản 2 
Điều 6 Nghị định số 100/2019/NĐ-CP (sửa đổi, bổ sung tại  khoản 34 Điều 2 Nghị 
định số 123/2021/NĐ-CP), cụ thể: 
Phạt tiền từ 300.000 đồng đến 400.000 đồng đối với người điều khiển xe thực 
hiện một trong các hành vi vi phạm sau đây: 
a) Dừng xe, đỗ xe trên phần đường xe chạy ở đoạn đường ngoài đô thị nơi có lề 
đường; 
đ) Dừng xe, đỗ xe ở lòng đường đô thị gây cản trở giao thông; tụ tập từ 03 xe 
trở lên ở lòng đường, trong hầm đường bộ; đỗ, để xe ở lòng đường đô thị, hè phố trái 
quy định của pháp luật; 
h) Dừng xe, đỗ xe trên đường xe điện, điểm dừng đón trả khách của xe buýt, 
nơi đường bộ giao nhau, trên phần đường dành cho người đi bộ qua đường; dừng xe 
nơi có biển “Cấm dừng xe và đỗ xe”; đỗ xe tại nơi có biển “Cấm đỗ xe” hoặc biển 
“Cấm dừng xe và đỗ xe”; không tuân thủ các quy định về dừng xe, đỗ xe tại nơi đường 
bộ giao nhau cùng mức với đường sắt; dừng xe, đỗ xe trong phạm vi an toàn của 
đường sắt, trừ hành vi vi phạm quy định tại điểm b khoản 2, điểm b khoản 3 Điều 49 
Nghị định này;","100/2019/NĐ-CP::article::6::clause::2::point::a, 100/2019/NĐ-CP::article::6::clause::2::point::đ, 100/2019/NĐ-CP::article::6::clause::2::point::h, 123/2021/NĐ-CP::article::2::clause::34, 100/2019/NĐ-CP::article::49::clause::3::point::b, 100/2019/NĐ-CP::article::49::clause::2::point::b"
56,"Hành vi điều khiển xe máy sau khi uống rượu bị xử phạt như thế 
nào?","Tùy theo mức độ của nồng độ cồn trong máu, hơi thở, hành vi này bị phạt 
theo các quy định tại điểm c khoản 6, điểm c khoản 7, điểm e khoản 8 Điều 6 Nghị 
định 100/2019/NĐ-CP về xử phạt người điều khiển xe mô tô, xe gắn máy (kể cả xe 
máy điện), các loại xe tương tự xe mô tô và các loại xe tương tự xe gắn máy vi phạm 
quy tắc giao thông đường bộ với các mức phạt tương ứng như sau: 
6. Phạt tiền từ 2.000.000 đồng đến 3.000.000 đồng đối với người điều khiển xe 
thực hiện một trong các hành vi vi phạm sau đây: 
c) Điều khiển xe trên đường mà trong máu hoặc hơi thở có nồng độ cồn nhưng 
chưa vượt quá 50 miligam/100 mililít máu hoặc chưa vượt quá 0,25 miligam/1 lít khí 
thở.  
Ngoài ra theo điểm đ khoản 10 Điều 6 người thực hiện hành vi này bị tước 
quyền sử dụng Giấy phép lái xe từ 10 tháng đến 12 tháng; 
7. Phạt tiền từ 4.000.000 đồng đến 5.000.000 đồng đối với người điều khiển xe 
thực hiện một trong các hành vi vi phạm sau đây: 
c) Điều khiển xe trên đường mà trong máu hoặc hơi thở có nồng độ cồn vượt 
quá 50 miligam đến 80 miligam/100 mililít máu hoặc vượt quá 0,25 miligam đến 0,4 
miligam/1 lít khí thở.  
Ngoài ra theo điểm e khoản 10 Điều 6 người thực hiện hành vi này bị tước 
quyền sử dụng Giấy phép lái xe từ 16 tháng đến 18 tháng. 
8. Phạt tiền từ 6.000.000 đồng đến 8.000.000 đồng đối với người điều khiển xe 
thực hiện một trong các hành vi vi phạm sau đây: 
e) Điều khiển xe trên đường mà trong máu hoặc hơi thở có nồng độ cồn vượt 
quá 80 miligam/100 mililít máu hoặc vượt quá 0,4 miligam/1 lít khí thở 
Ngoài ra theo điểm g khoản 10 Điều 6 người thực hiện hành vi này bị tước 
quyền sử dụng Giấy phép lái xe từ 22 tháng đến 24 tháng.","100/2019/NĐ-CP::article::6::clause::8::point::e, 100/2019/NĐ-CP::article::6::clause::7::point::c, 100/2019/NĐ-CP::article::6::clause::6::point::c, 100/2019/NĐ-CP::article::6::clause::10::point::e"
57,"Hành vi điều khiển xe máy chạy quá tốc độ cho phép thì bị xử phạt 
như thế nào theo quy định?","Hành vi này bị xử phạt theo mức độ vượt quá tốc độ cho phép theo quy 
định tại điểm c khoản 2 , điểm a khoản 4 (sửa đổi, bổ sung tại khoản 34 Điều 2 Nghị 
định số 123/2021/NĐ-CP), điểm a khoản 7 Điều 6 Nghị định số 100/2019/NĐ-CP về 
xử phạt người điều khiển xe mô tô, xe gắn máy (kể cả xe máy điện), các loại xe tương 
tự xe mô tô và các loại xe tương tự xe gắn máy vi phạm quy tắc giao thông đường 
bộ với các mức phạt tương ứng như sau: 2. Phạt tiền từ 300.000 đồng đến 400.000 đồng đối với người điều khiển xe 
thực hiện một trong các hành vi vi phạm sau đây: 
c) Điều khiển xe chạy quá tốc độ quy định từ 05 km/h đến dưới 10 km/h; 
4. Phạt tiền từ 800.000 đồng đến 1.000.000 đồng đối với người điều khiển xe 
thực hiện một trong các hành vi vi phạm sau đây: 
a) Điều khiển xe chạy quá tốc độ quy định từ 10 km/h đến 20 km/h; 
7. Phạt tiền từ 4.000.000 đồng đến 5.000.000 đồng đối với người điều khiển xe 
thực hiện một trong các hành vi vi phạm sau đây: 
a) Điều khiển xe chạy quá tốc độ quy định trên 20 km/h; (Ngoài ra theo điểm c 
khoản 10 Điều 6 người thực hiện hành vi này bị tước quyền sử dụng Giấy phép lái xe 
từ 02 tháng đến 04 tháng)","100/2019/NĐ-CP::article::6::clause::7::point::a, 100/2019/NĐ-CP::article::6::clause::4::point::a, 100/2019/NĐ-CP::article::6::clause::2::point::c"
58,"Người đi xe máy không nhường đường cho xe cứu thương bị xử 
phạt thế nào?","Hành vi trên bị xử phạt theo quy định tại khoản 5 Điều 6 Nghị định số 
100/2019/NĐ-CP (sửa đổi, bổ sung tại khoản 4 Điều 2 nghị định số 123/2021/NĐ-CP) 
về xử phạt người điều khiển xe mô tô, xe gắn máy (kể cả xe máy điện), các loại xe 
tương tự xe mô tô và các loại xe tương tự xe gắn máy vi phạm quy tắc giao thông 
đường bộ với các mức phạt tương ứng như sau: 
5. Phạt tiền từ 1.000.000 đồng đến 2.000.000 đồng đối với người điều khiển xe 
thực hiện hành vi vi phạm sau đây: 
b) Không nhường đường hoặc gây cản trở xe được quyền ưu tiên đang phát tín 
hiệu ưu tiên đi làm nhiệm vụ.","100/2019/NĐ-CP::article::6::clause::5, 123/2021/NĐ-CP::article::2::clause::4"
59,"Đi xe máy mà buông cả hai tay, lạng lách, đánh võng hay đi xe trên 
một bánh thì bị xử phạt như thế nào?","Những hành vi trên bị xử phạt theo quy định tại điểm a, b, c khoản 8 Điều 
6 Nghị định số 100/2019/NĐ-CP về xử phạt người điều khiển xe mô tô, xe gắn máy 
(kể cả xe máy điện), các loại xe tương tự xe mô tô và các loại xe tương tự xe gắn máy 
vi phạm quy tắc giao thông đường bộ với các mức phạt tương ứng như sau 
8. Phạt tiền từ 6.000.000 đồng đến 8.000.000 đồng đối với người điều khiển xe 
thực hiện một trong các hành vi vi phạm sau đây: 
a) Buông cả hai tay khi đang điều khiển xe; dùng chân điều khiển xe; ngồi về 
một bên điều khiển xe; nằm trên yên xe điều khiển xe; thay người điều khiển khi xe 
đang chạy; quay người về phía sau để điều khiển xe hoặc bịt mắt điều khiển xe; 
b) Điều khiển xe lạng lách hoặc đánh võng trên đường bộ trong, ngoài đô thị;  c) Điều khiển xe chạy bằng một bánh đối với xe hai bánh, chạy bằng hai bánh 
đối với xe ba bánh; 
Ngoài ra theo điểm c khoản 10 Điều 6, người thực hiện hành vi này bị tước 
quyền sử dụng Giấy phép lái xe từ 02 tháng đến 04 tháng","100/2019/NĐ-CP::article::6::clause::8::point::a, 100/2019/NĐ-CP::article::6::clause::8::point::b, 100/2019/NĐ-CP::article::6::clause::8::point::c, 100/2019/NĐ-CP::article::6::clause::10::point::c"
60,"Người điều khiển xe đạp điện vượt đèn đỏ, dừng xe đột ngột, 
chuyển hướng mà không có báo hiệu trước bị xử phạt như thế nào?","Những hành vi trên bị xử phạt theo quy định tại điểm c khoản 1 và điểm đ 
khoản 2 Điều 8 Nghị định số 100/2019/NĐ-CP về xử phạt người điều khiển xe đạp, xe 
đạp máy (kể cả xe đạp điện), người điều khiển xe thô sơ khác vi phạm quy tắc giao 
thông đường bộ 
1. Phạt tiền từ 80.000 đồng đến 100.000 đồng đối với người điều khiển xe thực 
hiện một trong các hành vi vi phạm sau đây: 
b) Dừng xe đột ngột; chuyển hướng không báo hiệu trước; 
2. Phạt tiền từ 100.000 đồng đến 200.000 đồng đối với người điều khiển xe 
thực hiện một trong các hành vi vi phạm sau đây: 
đ) Không chấp hành hiệu lệnh của đèn tín hiệu giao thông.","100/2019/NĐ-CP::article::8::clause::2::point::đ, 100/2019/NĐ-CP::article::8::clause::1::point::c"
61,Sau khi uống rượu mà đi xe đạp thì có bị xử phạt vi phạm không?,"Hành vi trên bị xử phạt tùy thuộc vào mức độ nồng độ cồn trong máu, hơi 
thở theo các quy định: điểm q khoản 1, điểm e khoản 3 (sửa đổi, bổ sung tại khoản 34 
Điều 2 Nghị định số 123/2021/NĐ-CP), điểm c khoản 4 (sửa đổi, bổ sung tại khoản 6 
Điều 2 Nghị định số 123/2021/NĐ-CP) Điều 8 Nghị định số 100/2019/NĐ-CP về 
xử phạt người điều khiển xe đạp, xe đạp máy (kể cả xe đạp điện), người điều khiển xe 
thô sơ khác vi phạm quy tắc giao thông đường bộ: 
1. Phạt tiền từ 80.000 đồng đến 100.000 đồng đối với người điều khiển xe thực 
hiện một trong các hành vi vi phạm sau đây: 
q) Điều khiển xe trên đường mà trong máu hoặc hơi thở có nồng độ cồn nhưng 
chưa vượt quá 50 miligam/100 mililít máu hoặc chưa vượt quá 0,25 miligam/1 lít khí 
thở. 
3. Phạt tiền từ 300.000 đồng đến 400.000 đồng đối với người điều khiển xe 
thực hiện một trong các hành vi vi phạm sau đây: 
e) Điều khiển xe trên đường mà trong máu hoặc hơi thở có nồng độ cồn vượt 
quá 50 miligam đến 80 miligam/100 mililít máu hoặc vượt quá 0,25 miligam đến 0,4 
miligam/1 lít khí thở. 
4. Phạt tiền từ 400.000 đồng đến 600.000 đồng đối với người điều khiển xe 
thực hiện một trong các hành vi vi phạm sau đây:  c) Điều khiển xe trên đường mà trong máu hoặc hơi thở có nồng độ cồn vượt 
quá 80 miligam/100 mililít máu hoặc vượt quá 0,4 miligam/1 lít khí thở;","100/2019/NĐ-CP::article::8::clause::4::point::c, 100/2019/NĐ-CP::article::8::clause::3::point::e, 100/2019/NĐ-CP::article::8::clause::1::point::q, 123/2021/NĐ-CP::article::2::clause::34, 123/2021/NĐ-CP::article::2::clause::6"
62,Người đi bộ tham gia giao thông bị xử phạt trong trường hợp nào?,"Người đi bộ tham gia giao thông bị xử phạt trong các trường hợp quy 
định tại Điều 9 Nghị định số 100/2019/NĐ-CP xử phạt người đi bộ vi phạm quy tắc 
giao thông đường bộ: 
1. Phạt tiền từ 60.000 đồng đến 100.000 đồng đối với người đi bộ thực hiện một 
trong các hành vi vi phạm sau đây: 
a) Không đi đúng phần đường quy định; vượt qua dải phân cách; đi qua đường 
không đúng nơi quy định hoặc không bảo đảm an toàn; 
b) Không chấp hành hiệu lệnh hoặc chỉ dẫn của đèn tín hiệu, biển báo hiệu, 
vạch kẻ đường, trừ hành vi vi phạm trên đường cao tốc. 
c) Không chấp hành hiệu lệnh, hướng dẫn của người điều khiển giao thông hoặc 
người kiểm soát giao thông; 
d) Mang, vác vật cồng kềnh gây cản trở giao thông; 
đ) Đu, bám vào phương tiện giao thông đang chạy. 
2. Phạt tiền từ 100.000 đồng đến 200.000 đồng đối với người đi bộ đi vào 
đường cao tốc, trừ người phục vụ việc quản lý, bảo trì đường cao tốc.",100/2019/NĐ-CP::article::9
63,"Người điều khiển xe thực hiện hành vi đổ trái phép rác, đất, cát, 
đá, vật liệu, chất phế thải ra đường phố có bị xử phạt vi phạm hành chính không?","Hành vi trên bị xử phạt theo quy định tại khoản 4 Điều 20 Nghị định số 
100/2019/NĐ-CP có quy định việc xử phạt người điều khiển xe ô tô, máy kéo và các 
loại xe tương tự xe ô tô vi phạm quy định về bảo vệ môi trường khi tham gia giao 
thông, cụ thể: 
4. Phạt tiền từ 10.000.000 đồng đến 15.000.000 đồng đối với người điều khiển 
xe thực hiện hành vi đổ trái phép rác, đất, cát, đá, vật liệu, chất phế thải ra đường phố. 
Ngoài việc bị phạt tiền, người điều khiển phương tiện thực hiện hành vi vi 
phạm còn bị áp dụng hình thức xử phạt bổ sung tước quyền sử dụng Giấy phép lái xe 
từ 01 tháng đến 03 tháng và bị áp dụng các biện pháp khắc phục hậu quả: Buộc phải 
thu dọn rác, chất phế thải, vật liệu, hàng hóa và khôi phục lại tình trạng ban đầu đã bị 
thay đổi do vi phạm hành chính gây ra; nếu gây ô nhiễm môi trường phải thực hiện các 
biện pháp khắc phục tình trạng ô nhiễm môi trường do vi phạm hành chính gây ra.",100/2019/NĐ-CP::article::20::clause::4
64,"Người 15 tuổi điều khiển xe máy điện tham gia giao thông có xử 
phạt không?","Hành vi trên bị xử phạt theo quy định khoản 1 Điều 21 Nghị định số 
100/2019/NĐ-CP (sửa đổi, bổ sung tại khoản 11 Điều 2 Nghị định số 123/2021/NĐ
CP). Cụ thể: 
1. Phạt cảnh cáo người từ đủ 14 tuổi đến dưới 16 tuổi điều khiển xe mô tô, xe 
gắn máy (kể cả xe máy điện) và các loại xe tương tự xe mô tô hoặc điều khiển xe ô tô, 
máy kéo và các loại xe tương tự xe ô tô.","100/2019/NĐ-CP::article::21::clause::1, 123/2021/NĐ-CP::article::2::clause::11"
65,"Người bán hàng rong, bán hàng hóa nhỏ lẻ trên vỉa hè các tuyến 
phố bị xử phạt như thế nào”","Theo Điều 12 Nghị định số 100/2019/NĐ-CP quy định xử phạt hành vi vi 
phạm quy định về sử dụng, khai thác trong phạm vi đất dành cho đường bộ, cụ thể đối 
với hành vi trên như sau: 
1. Phạt tiền từ 100.000 đồng đến 200.000 đồng đối với cá nhân, từ 200.000 
đồng đến 400.000 đồng đối với tổ chức thực hiện một trong các hành vi vi phạm sau 
đây: 
a. Bán hàng rong hoặc bán hàng hóa nhỏ lẻ khác trên lòng đường đô thị, trên 
vỉa hè các tuyến phố có quy định cấm bán hàng, trừ các hành vi : Chiếm dụng dải phân 
cách giữa của đường đôi làm nơi: Bày, bán hàng hóa; để vật liệu xây dựng; Sử dụng 
trái phép lòng đường đô thị, hè phố để: Họp chợ; kinh doanh dịch vụ ăn uống; bày, bán 
hàng hóa; sửa chữa phương tiện, máy móc, thiết bị; rửa xe; đặt, treo biển hiệu, biển 
quảng cáo; xây, đặt bục bệ; làm mái che hoặc thực hiện các hoạt động khác gây cản trở 
giao thông; Bày, bán máy móc, thiết bị, vật tư, vật liệu xây dựng hoặc sản xuất, gia 
công hàng hóa trên lòng đường đô thị, hè phố;",100/2019/NĐ-CP::article::12
66,"Hành vi phơi thóc, lúa, rơm rạ trên đường bộ có bị xử phạt 
không?","Theo Điều 12 Nghị định số 100/2019/NĐ-CP quy định xử phạt hành vi vi 
phạm quy định về sử dụng, khai thác trong phạm vi đất dành cho đường bộ, cụ thể đối 
với hành vi trên, như sau: 
1. Phạt tiền từ 100.000 đồng đến 200.000 đồng đối với cá nhân, từ 200.000 
đồng đến 400.000 đồng đối với tổ chức thực hiện một trong các hành vi vi phạm sau 
đây: 
b) Phơi thóc, lúa, rơm, rạ, nông, lâm, hải sản trên đường bộ; đặt máy tuốt lúa 
trên đường bộ. 
Ngoài ra, người thực hiện hành bi này buộc phải thu dọn thóc, lúa, rơm, rạ, 
nông, lâm, hải sản, thiết bị trên đường bộ;theo quy định tại điểm c khoản 10 Điều 12 
Nghị định số 100/2019/NĐ-CP.","100/2019/NĐ-CP::article::12, 100/2019/NĐ-CP::article::12::clause::10::point::c"
67,"Hành vi trồng cây trong phạm vi đất dành cho đường bộ làm che 
khuất tầm nhìn bị xử phạt như thế nào?","Điều 12 Nghị định số 100/2019/NĐ-CP quy định xử phạt hành vi vi phạm 
quy định về sử dụng, khai thác trong phạm vi đất dành cho đường bộ tại, cụ thể đối với 
hành vi trên, như sau: 
2. Phạt tiền từ 300.000 đồng đến 400.000 đồng đối với cá nhân, từ 600.000 
đồng đến 800.000 đồng đối với tổ chức thực hiện một trong các hành vi vi phạm sau 
đây: 
b) Trồng cây trong phạm vi đất dành cho đường bộ làm che khuất tầm nhìn của 
người điều khiển phương tiện giao thông; 
Ngoài ra người thực hiện hành vi này buộc phải di dời cây trồng không đúng 
quy định và khôi phục lại tình trạng ban đầu đã bị thay đổi do vi phạm hành chính gây 
ra theo quy định tại điểm b khoản 10 Điều 12 Nghị định số 100/2019/NĐ-CP.","100/2019/NĐ-CP::article::12, 100/2019/NĐ-CP::article::12::clause::10::point::b"
68,"Hành vi xả nước ra đường bộ không đúng nơi quy định bị xử phạt 
như thế nào?","Theo quy định tại khoản điểm đ khoản 2 Điều 12 Nghị định số 
100/2019/NĐ-CP, hành vi trên bị xử phạt, như sau: 
2. Phạt tiền từ 300.000 đồng đến 400.000 đồng đối với cá nhân, từ 600.000 
đồng đến 800.000 đồng đối với tổ chức thực hiện một trong các hành vi vi phạm sau 
đây: 
đ) Xả nước ra đường bộ không đúng nơi quy định, trừ hành vi xả nước thải xây 
dựng từ các công trình xây dựng ra đường phố. 
Ngoài ra người thực hiện hành vi này buộc phải thu dọn vật tư, vật liệu, hàng 
hóa và khôi phục lại tình trạng ban đầu đã bị thay đổi do vi phạm hành chính gây 
ra theo quy định tại điểm c khoản 10 Điều 12 Nghị định số 100/2019/NĐ-CP.","100/2019/NĐ-CP::article::12::clause::2::point::đ, 100/2019/NĐ-CP::article::12::clause::10::point::c"
69,"Hành vi sử dụng đường bộ trái quy định để tổ chức hoạt động văn 
hóa bị xử phạt như thế nào?","Theo quy định tại điểm a khoản 3 Điều 12 Nghị định số 100/2019/NĐ
CP, hành vi trên bị xử phạt như sau: 
3. Phạt tiền từ 500.000 đồng đến 1.000.000 đồng đối với cá nhân, từ 1.000.000 
đồng đến 2.000.000 đồng đối với tổ chức thực hiện một trong các hành vi vi phạm sau 
đây: 
a) Sử dụng đường bộ trái quy định để tổ chức các hoạt động văn hóa, thể thao, 
diễu hành, lễ hội; Ngoài ra người thực hiện hành vi này buộc phải thu dọn rác, chất phế thải, 
phương tiện, vật tư, vật liệu, hàng hóa, máy móc, thiết bị, biển hiệu, biển quảng cáo, 
các loại vật dụng khác và khôi phục lại tình trạng ban đầu đã bị thay đổi do vi phạm 
hành chính gây ra theo quy định tại điểm d khoản 10 Điều 12 Nghị định số 
100/2019/NĐ-CP.","100/2019/NĐ-CP::article::12::clause::3::point::a, 100/2019/NĐ-CP::article::12::clause::10::point::d"
70,"Hành vi treo băng rôn, biểu ngữ trái phép, treo biển hiệu, biển 
quảng cáo trên đất của đường bộ ở đoạn đường ngoài đô thị bị xử phạt như thế 
nào?","Theo quy định tại điểm c, điểm d khoản 3 Điều 12 Nghị định số 
100/2019/NĐ-CP: 
3. Phạt tiền từ 500.000 đồng đến 1.000.000 đồng đối với cá nhân, từ 1.000.000 
đồng đến 2.000.000 đồng đối với tổ chức thực hiện một trong các hành vi vi phạm sau 
đây: 
c) Treo băng rôn, biểu ngữ trái phép trong phạm vi đất dành cho đường bộ gây 
ảnh hưởng đến trật tự an toàn giao thông đường bộ; 
d) Đặt, treo biển hiệu, biển quảng cáo trên đất của đường bộ ở đoạn đường ngoài 
đô thị, trừ các hành vi dựng biển quảng cáo trên đất hành lang an toàn đường bộ khi chưa 
được cơ quan quản lý đường bộ có thẩm quyền đồng ý bằng văn bản hoặc dựng biển 
quảng cáo trên phần đất dọc hai bên đường bộ dùng để quản lý, bảo trì, bảo vệ công trình 
đường bộ. 
Ngoài ra người thực hiện hành vi này buộc phải thu dọn rác, chất phế thải, 
phương tiện, vật tư, vật liệu, hàng hóa, máy móc, thiết bị, biển hiệu, biển quảng cáo, 
các loại vật dụng khác và khôi phục lại tình trạng ban đầu đã bị thay đổi do vi phạm 
hành chính gây ra theo quy định tại điểm d khoản 10 Điều 12 Nghị định số 
100/2019/NĐ-CP.","100/2019/NĐ-CP::article::12::clause::3::point::d, 100/2019/NĐ-CP::article::12::clause::3::point::c, 100/2019/NĐ-CP::article::12::clause::10::point::d"
71,"Hành vi đổ rác ra đường bộ không đúng nơi quy định bị xử phạt 
như thế nào?","Theo quy định tại khoản 4 Điều 12 Nghị định số 100/2019/NĐ-CP, hành 
vi trên bị xử phạt như sau: 
Phạt tiền từ 1.000.000 đồng đến 2.000.000 đồng đối với cá nhân, từ 2.000.000 
đồng đến 4.000.000 đồng đối với tổ chức thực hiện hành vi đổ rác ra đường bộ không 
đúng nơi quy định, trừ các hành vi vi phạm: Đổ, để trái phép vật liệu, chất phế thải 
trong phạm vi đất dành cho đường bộ; người điều khiển xe đổ trái phép rác, đất, cát, 
đá, vật liệu, chất phế thải trong phạm vi đất dành cho đường bộ ở đoạn đường ngoài đô 
thị; người điều khiển xe thực hiện hành vi đổ trái phép rác, đất, cát, đá, vật liệu, chất 
phế thải ra đường phố. Ngoài ra người thực hiện hành vi này buộc phải thu dọn rác, chất phế thải, 
phương tiện, vật tư, vật liệu, hàng hóa, máy móc, thiết bị, biển hiệu, biển quảng cáo, 
các loại vật dụng khác và khôi phục lại tình trạng ban đầu đã bị thay đổi do vi phạm 
hành chính gây ra theo quy định tại điểm d khoản 10 Điều 12 Nghị định số 
100/2019/NĐ-CP.","100/2019/NĐ-CP::article::12::clause::4, 100/2019/NĐ-CP::article::12::clause::10::point::d"
72,"Hành vi chiếm dụng lòng đường làm nơi trông, giữ xe bị xử phạt 
như thế nào?","Theo điểm c, điểm d khoản 5, khoản 7, điểm a khoản 8 Điều 12 Nghị định 
số 100/2019/NĐ-CP, hành vi trên bị xử phạt như sau: 
5. Phạt tiền từ 2.000.000 đồng đến 3.000.000 đồng đối với cá nhân, từ 
4.000.000 đồng đến 6.000.000 đồng đối với tổ chức thực hiện một trong các hành vi vi 
phạm sau đây: 
c) Chiếm dụng lòng đường đô thị hoặc hè phố dưới 05 m2 làm nơi trông, giữ 
xe; 
d) Chiếm dụng phần đường xe chạy hoặc lề đường của đường ngoài đô thị dưới 
20 m2 làm nơi trông, giữ xe. 
7. Phạt tiền từ 6.000.000 đồng đến 8.000.000 đồng đối với cá nhân, từ 
12.000.000 đồng đến 16.000.000 đồng đối với tổ chức thực hiện hành vi chiếm dụng 
lòng đường đô thị hoặc hè phố từ 10 m2 đến dưới 20 m2 làm nơi trông, giữ xe. 
8. Phạt tiền từ 10.000.000 đồng đến 15.000.000 đồng đối với cá nhân, từ 
20.000.000 đồng đến 30.000.000 đồng đối với tổ chức thực hiện một trong các hành vi 
vi phạm sau đây: 
a) Chiếm dụng lòng đường đô thị hoặc hè phố từ 20 m2 trở lên làm nơi trông, 
giữ xe; 
Ngoài ra, người thực hiện hành vi vi phạm còn buộc phải thu dọn rác, chất phế 
thải, phương tiện, vật tư, vật liệu, hàng hóa, máy móc, thiết bị, biển hiệu, biển quảng 
cáo, các loại vật dụng khác và khôi phục lại tình trạng ban đầu đã bị thay đổi do vi 
phạm hành chính gây ra theo quy định tại điểm d khoản 10 Điều 12 Nghị định số 
100/2019/NĐ-CP.","100/2019/NĐ-CP::article::12::clause::8::point::a, 100/2019/NĐ-CP::article::12::clause::7, 100/2019/NĐ-CP::article::12::clause::5::point::d, 100/2019/NĐ-CP::article::12::clause::5::point::c, 100/2019/NĐ-CP::article::12::clause::10::point::d"
73,"Hành vi gắn vào công trình báo hiệu đường bộ các nội dung 
không liên quan tới ý nghĩa, mục đích của công trình đường bộ bị xử phạt như 
thế nào?","Theo quy định tại điểm c khoản 6 Điều 12 Nghị định số 100/2019/NĐ
CP, hành vi trên bị xử phạt như sau: 6. Phạt tiền từ 4.000.000 đồng đến 6.000.000 đồng đối với cá nhân, từ 
8.000.000 đồng đến 12.000.000 đồng đối với tổ chức thực hiện một trong các hành vi 
vi phạm sau đây: 
c) Tự ý gắn vào công trình báo hiệu đường bộ các nội dung không liên quan tới 
ý nghĩa, mục đích của công trình đường bộ; 
Ngoài ra, người thực hiện hành vi vi phạm còn buộc phải thu dọn rác, chất phế 
thải, phương tiện, vật tư, vật liệu, hàng hóa, máy móc, thiết bị, biển hiệu, biển quảng 
cáo, các loại vật dụng khác và khôi phục lại tình trạng ban đầu đã bị thay đổi do vi 
phạm hành chính gây ra theo quy định tại điểm d khoản 10 Điều 12 Nghị định số 
100/2019/NĐ-CP.","100/2019/NĐ-CP::article::12::clause::6::point::c, 100/2019/NĐ-CP::article::12::clause::10::point::d"
74,"Hành vi sử dụng trái phép đất của đường bộ làm nơi tập kết hoạch 
trung chuyển hàng hóa bị xử phạt như thế nào?","Theo quy định tại điểm đ khoản 6 Điều 12 Nghị định số 100/2019/NĐ
CP, hành vi trên bị xử phạt như sau: 
6. Phạt tiền từ 4.000.000 đồng đến 6.000.000 đồng đối với cá nhân, từ 
8.000.000 đồng đến 12.000.000 đồng đối với tổ chức thực hiện một trong các hành vi 
vi phạm sau đây: 
d) Sử dụng trái phép đất của đường bộ hoặc hành lang an toàn đường bộ làm nơi 
tập kết hoặc trung chuyển hàng hóa, vật tư, vật liệu xây dựng, máy móc, thiết bị, các loại 
vật dụng khác; 
Ngoài ra, người thực hiện hành vi vi phạm còn buộc phải thu dọn rác, chất phế 
thải, phương tiện, vật tư, vật liệu, hàng hóa, máy móc, thiết bị, biển hiệu, biển quảng 
cáo, các loại vật dụng khác và khôi phục lại tình trạng ban đầu đã bị thay đổi do vi 
phạm hành chính gây ra theo quy định tại điểm d khoản 10 Điều 12 Nghị định số 
100/2019/NĐ-CP.","100/2019/NĐ-CP::article::12::clause::6::point::đ, 100/2019/NĐ-CP::article::12::clause::10::point::d"
75,"Hành vi chiếm dụng đất đường bộ để xây dựng nhà ở bị xử phạt 
như thế nào?","Theo quy định tại điểm a khoản 9 Điều 12 Nghị định số 100/2019/NĐ
CP, hành vi trên bị xử phạt như sau: 
9. Phạt tiền từ 15.000.000 đồng đến 20.000.000 đồng đối với cá nhân, từ 
30.000.000 đồng đến 40.000.000 đồng đối với tổ chức thực hiện một trong các hành vi 
vi phạm sau đây: 
a) Chiếm dụng đất của đường bộ hoặc đất hành lang an toàn đường bộ để xây 
dựng nhà ở;  Ngoài ra người thực hiện hành vi trên buộc phải tháo dỡ công trình xây dựng 
trái phép (không có giấy phép hoặc không đúng với giấy phép) và khôi phục lại tình 
trạng ban đầu đã bị thay đổi do vi phạm hành chính gây ra theo quy định tại điểm đ 
khoản 10 Điều 12 Nghị định số 100/2019/NĐ-CP.","100/2019/NĐ-CP::article::12::clause::9::point::a, 100/2019/NĐ-CP::article::12::clause::10::point::đ"
76,"Hành vi thi công trên đường bộ đang khai thác không treo biển 
báo thông tin công trình bị xử phạt như thế nào?","Hành vi trên bị xử phạt theo quy định tại khoản 1 Điều 13 Nghị định số 
100/2019/NĐ-CP, cụ thể: 
1. Cảnh cáo hoặc phạt tiền từ 250.000 đồng đến 500.000 đồng đối với cá nhân, 
từ 500.000 đồng đến 1.000.000 đồng đối với tổ chức thực hiện hành vi thi công trên 
đường bộ đang khai thác không treo biển báo thông tin công trình hoặc treo biển báo 
thông tin không đầy đủ nội dung theo quy định. 
Ngoài ra, người thực hiện hành vi này buộc phải treo biển báo thông tin công 
trình có đầy đủ nội dung theo quy định tại điểm a khoản 7 Điều 13 Nghị định số 
100/2019/NĐ-CP.","100/2019/NĐ-CP::article::13::clause::1, 100/2019/NĐ-CP::article::13::clause::7::point::a"
77,"Hành vi để vật liệu, đất đá, phương tiện thi công ngoài phạm vi 
thi công gây cản trở giao thông ?","Hành vi trên bị xử phạt theo quy định tại điểm c khoản 2 Điều 13 Nghị 
định số 100/2019/NĐ-CP, cụ thể: 
2. Phạt tiền từ 1.000.000 đồng đến 3.000.000 đồng đối với cá nhân, từ 
2.000.000 đồng đến 6.000.000 đồng đối với tổ chức thực hiện một trong các hành vi vi 
phạm sau đây: 
c) Để vật liệu, đất đá, phương tiện thi công ngoài phạm vi thi công gây cản trở 
giao thông; 
Ngoài ra, người thực hiện hành vi này buộc phải thực hiện ngay các biện pháp 
bảo đảm an toàn giao thông theo quy định và khôi phục lại tình trạng ban đầu đã bị 
thay đổi do vi phạm hành chính gây ra tại điểm c khoản 7 Điều 13 Nghị định số 
100/2019/NĐ-CP.","100/2019/NĐ-CP::article::13::clause::2::point::c, 100/2019/NĐ-CP::article::13::clause::7::point::c"
78,"Hành vi tổ chức thi công trên đường bộ đang khai thác không có 
biện pháp bảo đảm an toàn giao thông để xảy ra ùn tắc bị xử phạt như thế nào?","Hành vi trên bị xử phạt theo quy định tại điểm b khoản 3 Điều 13 Nghị 
định số 100/2019/NĐ-CP, cụ thể: 
3. Phạt tiền từ 3.000.000 đồng đến 5.000.000 đồng đối với cá nhân, từ 
6.000.000 đồng đến 10.000.000 đồng đối với tổ chức thực hiện một trong các hành vi 
vi phạm sau đây: b) Thi công trên đường bộ đang khai thác không có biện pháp bảo đảm an toàn 
giao thông thông suốt để xảy ra ùn tắc giao thông nghiêm trọng. 
Ngoài ra, người thực hiện hành vi này  còn bị còn bị áp dụng hình thức xử phạt 
bổ sung đình chỉ hoạt động thi công hoặc tước quyền sử dụng Giấy phép thi công (nếu 
có) từ 01 tháng đến 03 tháng theo quy định tại khoản 6 Điều 13, buộc phải thực hiện 
ngay các biện pháp bảo đảm an toàn giao thông theo quy định tại điểm b khoản 7 Điều 
13 Nghị định số 100/2019/NĐ-CP.","100/2019/NĐ-CP::article::13::clause::3::point::b, 100/2019/NĐ-CP::article::13::clause::7::point::b"
79,"Hành vi tổ chức thi công trên đường bộ đang khai thác không thực 
hiện các biện pháp bảo đảm an toan giao thông để xảy ra tai nạn giao thông bị phạt như thế nào?","Hành vi trên bị xử phạt theo quy định tại điểm b khoản 5 Điều 13 Nghị 
định số 100/2019/NĐ-CP: 
5. Phạt tiền từ 10.000.000 đồng đến 15.000.000 đồng đối với cá nhân, từ 
20.000.000 đồng đến 30.000.000 đồng đối với tổ chức thực hiện một trong các hành vi 
vi phạm sau đây: 
b) Thi công trên đường bộ đang khai thác không thực hiện đầy đủ các biện pháp 
bảo đảm an toàn giao thông theo quy định để xảy ra tai nạn giao thông; 
Ngoài ra, người thực hiện hành vi này buộc phải thực hiện ngay các biện pháp 
bảo đảm an toàn giao thông theo quy định tại điểm b khoản 7 Điều 13 Nghị định số 
100/2019/NĐ-CP.","100/2019/NĐ-CP::article::13::clause::5::point::b, 100/2019/NĐ-CP::article::13::clause::7::point::b"
80,"Hành vi xây dựng hoặc thành lập bến xe, bãi đỗ xe, trạm dừng 
nghỉ, trạm thu phí đường bộ không bảo đảm tiêu chuẩn kỹ thuật bị xử phạt như 
thế nào?","Hành vi trên sẽ bị xử phạt theo quy định tại điểm b khoản 1 Điều 14 Nghị 
định số 100/2019/NĐ-CP, cụ thể: 
1. Phạt tiền từ 15.000.000 đồng đến 20.000.000 đồng đối với cá nhân, từ 
30.000.000 đồng đến 40.000.000 đồng đối với tổ chức thực hiện một trong các hành vi 
vi phạm sau đây: 
b) Xây dựng bến xe, bãi đỗ xe, trạm dừng nghỉ, trạm thu phí đường bộ không 
bảo đảm tiêu chuẩn kỹ thuật theo quy định. 
Ngoài ra, người thực hiện hành vi này còn buộc phải xây dựng lại bến xe, bãi 
đỗ xe, trạm dừng nghỉ, trạm thu phí đường bộ theo đúng quy định, bảo đảm tiêu chuẩn 
kỹ thuật theo quy định tại điểm b khoản 2 Điều 14 Nghị định số 100/2019/NĐ-CP.","100/2019/NĐ-CP::article::14::clause::1::point::b, 100/2019/NĐ-CP::article::14::clause::2::point::b"
81,"Hành vi điều khiển xe ô tô kinh doanh vận tải hành khách lắp 
thêm hay tháo bớt ghế không đúng với thông số kỹ thuật được ghi trong Giấy 
chứng nhận kiểm định an toàn kỹ thuật và bảo vệ môi trường của xe bị xử phạt 
như thế nào?","Hành vi trên bị xử phạt theo quy định điểm e khoản 3 Điều 16 Nghị định số 
100/2019/NĐ-CP (sửa đổi, bổ sung tại khoản 9 Điều 2 Nghị định số 123/2021/NĐ-CP), 
cụ thể: 
3. Phạt tiền từ 1.000.000 đồng đến 2.000.000 đồng đối với một trong các hành 
vi vi phạm sau đây: 
d) Điều khiển xe ô tô kinh doanh vận tải hành khách lắp thêm hoặc tháo bớt 
ghế, giường nằm hoặc có kích thước khoang chở hành lý (hầm xe) không đúng với 
thông số kỹ thuật được ghi trong Giấy chứng nhận kiểm định an toàn kỹ thuật và bảo 
vệ môi trường của xe. 
Ngoài ra người thực hiện hành vi này buộc phải lắp đầy đủ thiết bị hoặc khôi 
phục lại tính năng kỹ thuật của thiết bị theo quy định, tháo bỏ những thiết bị lắp thêm 
không đúng quy định theo điểm b khoản 9 Nghị định số 123/2021/NĐ-CP.","100/2019/NĐ-CP::article::16::clause::3::point::e, 123/2021/NĐ-CP::article::2::clause::9"
82,"Hành vi điều khiển xe gắn biển số không đúng với Giấy đăng ký xe 
bị xử phạt như thế nào?","Hành vi trên bị xử phạt theo quy định tại điểm b khoản 4 Điều 16 Nghị 
định 100/2019/NĐ-CP (sửa đổi, bổ sung tại khoản 9 Điều 2 Nghị định số 
123/2021/NĐ-CP): 
Xử phạt người điều khiển xe ô tô (bao gầm cả rơ moóc hoặc sơ mi rơ moóc 
được kéo theo) và các loại xe tương tự xe ô tô vi phạm quy định về điều kiện của 
phương tiện khi tham gia giao thông 
Phạt tiền từ 4.000.000 đồng đến 6.000.000 đồng đối với một trong các hành vi 
vi phạm sau đây: 
a) Điều khiển xe gắn biển số không đúng với Giấy đăng ký xe hoặc gắn biển số 
không do cơ quan có thẩm quyền cấp (kể cả rơ moóc và sơ mi rơ moóc)","100/2019/NĐ-CP::article::16::clause::4::point::b, 123/2021/NĐ-CP::article::2::clause::9"
83,"Đối với các hành vi vi phạm quy định về điều kiện của người điều 
khiển xe máy chuyên dùng bị xử phạt như thế nào?","Các hành vi vi phạm trên được quy định tại Điều 22 Nghị định số 
100/2019, cụ thể: 
1. Phạt tiền từ 100.000 đồng đến 200.000 đồng đối với một trong các hành vi vi 
phạm sau đây: 
a) Người điều khiển xe máy chuyên dùng không đúng độ tuổi hoặc tuổi không 
phù hợp với ngành nghề theo quy định; b) Người điều khiển xe máy chuyên dùng không mang theo bằng (hoặc chứng 
chỉ) điều khiển, chứng chỉ bồi dưỡng kiến thức pháp luật về giao thông đường bộ; 
c) Người điều khiển xe máy chuyên dùng không mang theo Giấy đăng ký xe; 
d) Người điều khiển xe máy chuyên dùng không mang theo Giấy chứng nhận 
an toàn kỹ thuật và bảo vệ môi trường (đối với loại xe có quy định phải kiểm định). 
2. Phạt tiền từ 600.000 đồng đến 1.000.000 đồng đối với người điều khiển xe 
máy chuyên dùng không có bằng (hoặc chứng chỉ) điều khiển, chứng chỉ bồi dưỡng 
kiến thức pháp luật về giao thông đường bộ.",100/2019/NĐ-CP::article::22
84,"Người điều khiển xe ô tô thực hiện hành vi chở khách vượt quá 
quy định được phép chở của phương tiện bị xử phạt như thế nào theo quy định?","Hành vi trên bị xử phạt theo quy định tại khoản 2, khoản 4 Điều 23 Nghị 
định số 100/2019/NĐ-CP (sửa đổi, bổ sung khoản 34 Điều 2 Nghị định số 
123/2021/NĐ-CP), theo đó: 
2. Phạt tiền từ 400.000 đồng đến 600.000 đồng trên mỗi người vượt quá quy 
định được phép chở của phương tiện nhưng tổng mức phạt tiền tối đa không vượt quá 
75.000.000 đồng đối với người điều khiển xe ô tô chở hành khách, ô tô chở người (trừ 
xe buýt) thực hiện hành vi vi phạm: Chở quá từ 02 người trở lên trên xe đến 9 chỗ, chở 
quá từ 03 người trở lên trên xe 10 chỗ đến xe 15 chỗ, chở quá từ 04 người trở lên trên 
xe 16 chỗ đến xe 30 chỗ, chở quá từ 05 người trở lên trên xe trên 30 chỗ, trừ các hành 
vi vi phạm mà người điều khiển xe ô tô chở hành khách chạy tuyến có cự ly lớn hơn 
300 km thực hiện hành vi vi phạm. 
4. Phạt tiền từ 1.000.000 đồng đến 2.000.000 đồng trên mỗi người vượt quá quy 
định được phép chở của phương tiện nhưng tổng mức phạt tiền tối đa không vượt quá 
75.000.000 đồng đối với người điều khiển xe ô tô chở hành khách chạy tuyến có cự ly 
lớn hơn 300 km thực hiện hành vi vi phạm: Chở quá từ 02 người trở lên trên xe đến 9 
chỗ, chở quá từ 03 người trở lên trên xe 10 chỗ đến xe 15 chỗ, chở quá từ 04 người trở 
lên trên xe 16 chỗ đến xe 30 chỗ, chở quá từ 05 người trở lên trên xe trên 30 chỗ. 
Ngoài việc bị xử phạt, người điều khiển phương tiện thực hiện hành vi vi phạm 
bị áp dụng biện pháp khắc phục hậu quả: Phải bố trí phương tiện khác để chở số  hành 
khách vượt quá quy định được phép chở của phương tiện. 
Trong trường hợp người điều khiển phương tiện chở khách vượt trên 50% đến 
100% số người quy định được phép chở của phương tiện bị tước quyền sử dụng Giấy 
phép lái xe từ 01 đến 03 tháng theo quy định tại điểm a khoản 8 Điều 23 Nghị định số 
100/2019/NĐ-CP.","100/2019/NĐ-CP::article::23::clause::4, 100/2019/NĐ-CP::article::23::clause::2, 123/2021/NĐ-CP::article::2::clause::34"
85,"Người điều khiển xe ô tô thực hiện hành vi đón, trả khách không 
đúng nơi quy định trên những tuyến đường đã xác định nơi đón, trả khách bị xử 
phạt như thế nào?","Hành vi trên bị xử phạt theo quy định tại điểm đ khoản 5 Điều 23 Nghị 
định số 100/2019/NĐ-CP (sửa đổi, bổ sung tại khoản 34 Điều 2 Nghị định số 
123/2021/NĐ-CP), cụ thể: 
5. Phạt tiền từ 1.000.000 đồng đến 2.000.000 đồng đối với một trong các hành 
vi vi phạm sau đây: 
đ) Đón, trả hành khách không đúng nơi quy định trên những tuyến đường đã 
xác định nơi đón, trả khách hoặc dừng đón, trả hành khách quá thời gian quy định, trừ 
hành vi vi phạm quy định tại khoản 7a Điều này. 
Ngoài ra, người thực hiện hành vi bị tước quyền sử dụng Giấy phép lái xe từ 01 
đến 03 tháng theo quy định tại điểm a khoản 8 Điều 23 Nghị định số 100/2019/NĐ
CP.","100/2019/NĐ-CP::article::23::clause::5::point::đ, 123/2021/NĐ-CP::article::2::clause::34, 100/2019/NĐ-CP::article::23::clause::8::point::a"
86,"Người điều khiển xe ô tô thực hiện hành vi đón, trả hành khách trên 
đường cao tốc bị xử phạt thế nào?","Hành vi trên bị xử phạt theo quy định tại khoản 7 Điều 23 Nghị định số 
100/2019/NĐ-CP (sửa đổi, bổ sung tại khoản 12 Điều 2 Nghị định số 123/2021/NĐ
CP), cụ thể: 
7a. Phạt tiền từ 10.000.000 đồng đến 12.000.0000 đồng đối với người điều 
khiển xe thực hiện hành vi đón, trả hành khách trên đường cao tốc 
Ngoài ra, người thực hiện hành vi vi phạm bị tước quyền sử dụng Giấy phép lái 
xe từ 02 đến 04 tháng theo quy định tại điểm b khoản 8 Điều 23 Nghị định số 
100/2019/NĐ-CP (sửa đổi, bổ sung tại khoản 12 Điều 2 Nghị định số 123/2021/NĐ
CP).","100/2019/NĐ-CP::article::23::clause::7, 123/2021/NĐ-CP::article::2::clause::12, 100/2019/NĐ-CP::article::23::clause::8::point::b"
87,"Hành vi điều khiển xe tham gia kinh doanh vận tải hành khách có 
gắn thiết bị giám sát hành trình của xe nhưng thiết bị không hoạt động bị xử phạt 
như thế nào?","Hành vi trên bị xử phạt theo quy định tại điểm đ khoản 6 Điều 23 Nghị định số 
100/2019/NĐ-CP (sửa đổi, bổ sung tại khoản 12 Điều 2 nghị định số 123/2021/NĐ-CP), 
cụ thể: 
6. Phạt tiền từ 3.000.000 đồng đến 5.000.000 đồng đối với một trong các hành 
vi vi phạm sau đây: đ) Điều khiển xe tham gia kinh doanh vận tải hành khách không gắn thiết bị 
giám sát hành trình của xe theo quy định hoặc có gắn thiết bị giám sát hành trình của 
xe nhưng thiết bị không hoạt động theo quy định hoặc sử dụng biện pháp kỹ thuật, 
trang thiết bị ngoại vi, các biện pháp khác làm sai lệch dữ liệu của thiết bị giám sát 
hành trình của xe ô tô; 
Ngoài ra, người thực hiện hành vi bị tước quyền sử dụng Giấy phép lái xe từ 01 
đến 03 tháng theo quy định tại điểm a khoản 8 Điều 23 Nghị định số 100/2019/NĐ
CP.","100/2019/NĐ-CP::article::23::clause::6::point::đ, 100/2019/NĐ-CP::article::23::clause::8::point::a"
88,"Người điều khiển xe ô tô tải vận chuyển hàng hóa nhưng không 
chốt, đóng cố định cửa sau thùng xe có bị xử phạt không?","Hành vi trên bị xử phạt theo quy định tại điểm c khoản 1 Điều 24 Nghị 
định số 100/2019/NĐ-CP: 
1. Phạt tiền từ 600.000 đồng đến 800.000 đồng đối với một trong các hành vi vi 
phạm sau đây: 
c) Không chốt, đóng cố định cửa sau thùng xe khi xe đang chạy.",100/2019/NĐ-CP::article::24::clause::1::point::c
89,"Người điều khiển xe ô tô tải chở hàng vượt quá trọng tải cho phép 
tham gia giao thông được ghi trong giấy chứng nhận kiểm định an toàn kỹ thuật 
và bảo vệ môi trường của xe bị xử phạt như thế nào?","Tùy thuộc vào khối lượng hàng vượt quá trọng tải mà hành vi trên bị xử 
phạt theo Điều 24 Nghị định số 100/2019/NĐ-CP với các mức dưới dây: 
2. Phạt tiền từ 800.000 đồng đến 1.000.000 đồng đối với một trong các hành vi 
vi phạm sau đây: 
a) Điều khiển xe (kể cả rơ moóc và sơ mi rơ moóc) chở hàng vượt trọng tải 
(khối lượng hàng chuyên chở) cho phép tham gia giao thông được ghi trong Giấy 
chứng nhận kiểm định an toàn kỹ thuật và bảo vệ môi trường của xe trên 10% đến 
30% (trừ xe xi téc chở chất lỏng), trên 20% đến 30% đối với xe xi téc chở chất lỏng; 
5. Phạt tiền từ 3.000.000 đồng đến 5.000.000 đồng đối với một trong các hành 
vi vi phạm sau đây: 
a) Điều khiển xe (kể cả rơ moóc và sơ mi rơ moóc) chở hàng vượt trọng tải 
(khối lượng hàng chuyên chở) cho phép tham gia giao thông được ghi trong Giấy 
chứng nhận kiểm định an toàn kỹ thuật và bảo vệ môi trường của xe trên 30% đến 
50%; 
Người thực hiện hành vi vi phạm còn bị tước quyền sử dụng Giấy phép lái xe từ 
1 đến 3 tháng theo điểm a khoản 9 Điều 24 Nghị định số 100/2019/NĐ-CP.  6. Phạt tiền từ 5.000.000 đồng đến 7.000.000 đồng đối với một trong các hành 
vi vi phạm sau đây: 
a) Điều khiển xe (kể cả rơ moóc và sơ mi rơ moóc) chở hàng vượt trọng tải 
(khối lượng hàng chuyên chở) cho phép tham gia giao thông được ghi trong Giấy 
chứng nhận kiểm định an toàn kỹ thuật và bảo vệ môi trường của xe trên 50% đến 
100%; 
Người thực hiện hành vi vi phạm còn bị tước quyền sử dụng Giấy phép lái xe từ 
1 đến 3 tháng theo điểm a khoản 9 Điều 24 Nghị định số 100/2019/NĐ-CP. 
7. Phạt tiền từ 7.000.000 đồng đến 8.000.000 đồng đối với một trong các hành 
vi sau đây: 
a) Điều khiển xe (kể cả rơ moóc và sơ mi rơ moóc) chở hàng vượt trọng tải 
(khối lượng hàng chuyên chở) cho phép tham gia giao thông được ghi trong Giấy 
chứng nhận kiểm định an toàn kỹ thuật và bảo vệ môi trường của xe trên 100% đến 
150%; 
Người thực hiện hành vi vi phạm còn bị tước quyền sử dụng Giấy phép lái xe từ 
2 đến 4 tháng theo điểm b khoản 9 Điều 24 Nghị định số 100/2019/NĐ-CP (sửa đổi, 
bổ sung tại khoản 13 Điều 2 Nghị định số 123/2021/NĐ-CP). 
8. Phạt tiền từ 8.000.000 đồng đến 12.000.000 đồng đối với một trong các hành 
vi sau đây: 
a) Điều khiển xe (kể cả rơ moóc và sơ mi rơ moóc) chở hàng vượt trọng tải (khối 
lượng hàng chuyên chở) cho phép tham gia giao thông được ghi trong Giấy chứng nhận 
kiểm định an toàn kỹ thuật và bảo vệ môi trường của xe trên 150%; 
Người thực hiện hành vi vi phạm còn bị tước quyền sử dụng Giấy phép lái xe từ 
3 đến 5 tháng theo điểm c khoản 9 Điều 24 Nghị định số 100/2019/NĐ-CP.","100/2019/NĐ-CP::article::24, 100/2019/NĐ-CP::article::24::clause::9::point::a, 100/2019/NĐ-CP::article::24::clause::9::point::b, 123/2021/NĐ-CP::article::2::clause::13, 100/2019/NĐ-CP::article::24::clause::9::point::c"
90,"Hành vi bán biển số phương tiện giao thông cơ giới đường bộ trái 
phép bị xử phạt như thế nào?","Hành vi trên bị xử phạt theo quy định tại khoản 1 Điều 29 Nghị định số 
100/2019/NĐ-CP (sửa đổi, bổ sung tại khoản 16 Điều 2 Nghị định số 123/2021/NĐ
CP), cụ thể: 
1. Phạt tiền từ 10.000.000 đồng đến 12.000.000 đồng đối với cá nhân, từ 
20.000.000 đồng đến 24.000.000 đồng đối với tổ chức thực hiện hành vi bán biển số 
phương tiện giao thông cơ giới đường bộ không phải là biển số do cơ quan nhà nước 
có thẩm quyền sản xuất hoặc không được cơ quan nhà nước có thẩm quyền cho phép. 
Ngoài việc bị phạt tiền, cá nhân, tổ chức thực hiện hành vi vi phạm còn bị áp 
dụng hình thức xử phạt bổ sung: tịch thu biển số, phương tiện sản xuất, lắp ráp trái 
phép và bị áp dụng biện pháp khắc phục hậu quả: Buộc nộp lại số lợi bất hợp pháp có 
được do thực hiện vi phạm hành chính.","100/2019/NĐ-CP::article::29::clause::1, 123/2021/NĐ-CP::article::2::clause::16"
91,"Hành vi sản xuất, lắp ráp trái phép phương tiện giao thông cơ giới 
đường bộ bị xử phạt như thế nào?","Hành vi trên bị xử phạt theo quy định tại khoản 2 Điều 29 Nghị định số 
100/2019/NĐ-CP (sửa đổi, bổ sung tại khoản 16 Điều 2 Nghị định số 123/2021/NĐ
CP), cụ thể: 
2. Phạt tiền từ 30.000.000 đồng đến 35.000.000 đồng đối với cá nhân, từ 
60.000.000 đồng đến 70.000.000 đồng đối với tổ chức thực hiện hành vi sản xuất biển 
số trái phép hoặc sản xuất, lắp ráp trái phép phương tiện giao thông cơ giới đường bộ. 
Ngoài việc bị phạt tiền, cá nhân, tổ chức thực hiện hành vi vi phạm còn bị áp 
dụng hình thức xử phạt bổ sung: tịch thu biển số, phương tiện sản xuất, lắp ráp trái 
phép và bị áp dụng biện pháp khắc phục hậu quả: Buộc nộp lại số lợi bất hợp pháp có 
được do thực hiện vi phạm hành chính.","100/2019/NĐ-CP::article::29::clause::2, 123/2021/NĐ-CP::article::2::clause::16"
92,"Nhân viên phục vụ trên xe buýt, xe vận chuyển hành khách không 
hỗ trợ, giúp đỡ hành khách đi xe là người cao tuổi bị xử phạt như thế nào nào?","Hành vi trên bị xử phạt theo quy định tại Nghị định số 100/2019/NĐ
CP  xử phạt nhân viên phục vụ trên xe buýt, xe vận chuyển hành khách theo tuyến cố 
định, xe vận chuyển hành khách theo hợp đồng, xe vận chuyển khách du lịch vi phạm 
quy định về trật tự an toàn giao thông, tại khoản 1 Điều 31, cụ thể như sau: 
1. Phạt tiền từ 80.000 đồng đến 100.000 đồng đối với một trong các hành vi vi 
phạm sau đây: 
a) Không hỗ trợ, giúp đỡ hành khách đi xe là người cao tuổi, trẻ em không tự 
lên xuống xe được, người khuyết tật vận động hoặc khuyết tật thị giác;",100/2019/NĐ-CP::article::31::clause::1::point::a
93,"Nhân viên phục vụ trên xe buýt, xe vận chuyển hành khách thực 
hiện hành vi thu tiền vé nhưng không trao vé cho hành khách bị xử phạt như thế 
nào nào?","Hành vi trên bị xử phạt theo quy định tại Nghị định số 100/2019/NĐ
CP xử phạt nhân viên phục vụ trên xe buýt, xe vận chuyển hành khách theo tuyến cố 
định, xe vận chuyển hành khách theo hợp đồng, xe vận chuyển khách du lịch vi phạm 
quy định về trật tự an toàn giao thông, tại khoản 2 Điều 31, cụ thể: 
2. Phạt tiền từ 100.000 đồng đến 200.000 đồng đối với nhân viên phục vụ trên 
xe buýt thực hiện hành vi: Thu tiền vé nhưng không trao vé cho hành khách; thu tiền 
vé cao hơn quy định. 
Ngoài việc bị áp dụng hình thức xử phạt, người thực hiện hành vi vi phạm còn 
bị áp dụng biện pháp khắc phục hậu quả: Buộc phải nộp lại số lợi bất hợp pháp có 
được do thực hiện vi phạm hành chính.",100/2019/NĐ-CP::article::31::clause::2
94,"Hành khách đi xe vi phạm quy định về trật tự an toàn giao thông 
có bị xử phạt không?","Nghị định số 100/2019/NĐ-CP quy định những trường hợp xử phạt hành 
khách đi xe vi phạm quy định như sau: 
1. Phạt tiền từ 50.000 đồng đến 100.000 đồng đối với một trong các hành vi vi 
phạm sau đây: 
a) Không chấp hành hướng dẫn của lái xe, nhân viên phục vụ trên xe về các quy 
định bảo đảm trật tự, an toàn giao thông; 
b) Gây mất trật tự trên xe. 
2. Phạt tiền từ 300.000 đồng đến 400.000 đồng đối với một trong các hành vi vi 
phạm sau đây: 
a) Mang hóa chất độc hại, chất dễ cháy, nổ, hàng nguy hiểm hoặc hàng cần lưu 
thông trên xe khách; 
b) Đu, bám vào thành xe; đứng, ngồi, nằm trên mui xe, nóc xe, trong khoang 
chở hành lý; tự ý mở cửa xe hoặc có hành vi khác không bảo đảm an toàn khi xe đang 
chạy. 
3. Phạt tiền từ 2.000.000 đồng đến 3.000.000 đồng đối với hành vi đe dọa, xâm 
phạm sức khỏe của người khác đi trên xe, lái xe, nhân viên phục vụ trên xe. 
4. Ngoài việc bị phạt tiền, người thực hiện hành vi mang hóa chất độc hại, chất 
dễ cháy, nổ, hàng nguy hiểm hoặc hàng cần lưu thông trên xe khách còn bị áp dụng 
hình thức xử phạt bổ sung tịch thu hóa chất độc hại, chất dễ cháy, nổ, hàng nguy hiểm, 
hàng cấm lưu thông mang theo trên xe chở khách.",100/2019/NĐ-CP::article::32
