id,question,answer,reference
1,"Theo quy định của pháp luật, hành vi phơi thóc, lúa, rơm, rạ, nông, lâm, hải sản trên đường bộ; đặt máy tuốt lúa trên đường bộ sẽ bị xử lý như thế nào?","Hành vi phơi thóc lúa ngoài đường gây cản trở giao thông được quy định tại điểm g khoản 2 Điều 12 Nghị định 168/2024/NĐ-CP như sau:
Điều 12. Xử phạt, trừ điểm giấy phép lái xe các hành vi vi phạm khác về quy tắc giao thông đường bộ; sử dụng lòng đường, vỉa hè vào mục đích khác
2. Phạt tiền từ 200.000 đồng đến 250.000 đồng đối với cá nhân thực hiện một trong các hành vi vi phạm sau đây:
g) Phơi thóc, lúa, rơm, rạ, nông, lâm, hải sản trên đường bộ; đặt máy tuốt lúa trên đường bộ.
Như vậy, phơi thóc, lúa, rơm rạ, nông sản hoặc để vật khác trên đường bộ trái phép gây cản trở giao thông có thể bị phạt hành chính với mức phạt tiền từ 200.000 đồng đến 250.000 đồng đối với cá nhân, từ 400.000 đồng đến 500.000 đồng đối với tổ chức.",168/2024/NĐ-CP::article::12::clause::2::point::g
2,"Chị X mua xe máy cũ để tiện đi làm, giá cả hợp lý. Tuy nhiên, do bận công tác nên chị X chưa làm thủ tục sang tên xe máy. Xin hỏi, trường hợp nếu không làm thủ tục sang tên xe máy bị xử phạt như thế nào?","Căn cứ vào điểm a khoản 3 Điều 32 Nghị định 168/2024/NĐ-CP có quy định như sau:
Điều 32. Xử phạt, trừ điểm giấy phép lái xe đối với chủ phương tiện vi phạm quy định liên quan đến giao thông đường bộ
3. Phạt tiền từ 800.000 đồng đến 1.000.000 đồng đối với cá nhân, từ 1.600.000 đồng đến 2.000.000 đồng đối với tổ chức là chủ xe mô tô, xe gắn máy và các loại xe tương tự xe mô tô, các loại xe tương tự xe gắn máy thực hiện một trong các hành vi vi phạm sau đây:
a) Không làm thủ tục cấp chứng nhận đăng ký xe, biển số xe trong trường hợp thay đổi chủ xe theo quy định;
Như vậy, theo quy định trên, nếu chị X không thực hiện thủ tục đăng ký sang tên xe máy thì sẽ bị xử phạt tiền từ 800.000 đồng đến 1.000.000 đồng đối với cá nhân và từ 1.600.000 đồng đến 2.000.000 đồng đối với tổ chức là chủ xe mô tô, xe gắn máy và các loại xe tương tự xe mô tô, các loại xe tương tự xe gắn máy.",168/2024/NĐ-CP::article::32::clause::3::point::a
3,"Việc lưu hành xe ô tô của người nước ngoài đăng ký tại nước ngoài có tay lái ở bên phải tham gia giao thông tại Việt Nam, xe cơ giới nước ngoài do người nước ngoài đưa vào Việt Nam du lịch được quy định như như thế nào?","Tại Điều 55 Luật trật tự an toàn giao thông đường bộ 2024 có quy định về bảo đảm trật tự, an toàn giao thông đường bộ đối với trường hợp xe ô tô của người nước ngoài đăng ký tại nước ngoài có tay lái ở bên phải tham gia giao thông tại Việt Nam; xe cơ giới nước ngoài do người nước ngoài đưa vào Việt Nam du lịch như sau:
- Xe ô tô của người nước ngoài đăng ký tại nước ngoài có tay lái ở bên phải tham gia giao thông tại Việt Nam, xe cơ giới nước ngoài do người nước ngoài đưa vào Việt Nam du lịch phải được cơ quan có thẩm quyền cấp phép.
- Cơ quan cấp phép cho xe ô tô của người nước ngoài đăng ký tại nước ngoài có tay lái ở bên phải tham gia giao thông tại Việt Nam, xe cơ giới nước ngoài do người nước ngoài đưa vào Việt Nam du lịch thông báo ngay cho cơ quan quản lý xuất nhập cảnh.
- Việc lưu hành xe ô tô của người nước ngoài đăng ký tại nước ngoài có tay lái ở bên phải tham gia giao thông tại Việt Nam, xe cơ giới nước ngoài do người nước ngoài đưa vào Việt Nam du lịch được quy định như sau:
+ Chấp hành quy định của pháp luật về trật tự, an toàn giao thông đường bộ của Việt Nam. Trường hợp điều ước quốc tế mà nước Cộng hòa xã hội chủ nghĩa Việt Nam là thành viên có quy định khác thì áp dụng theo điều ước quốc tế đó;
+ Tham gia giao thông đúng trong phạm vi, tuyến đường, thời gian đã được cơ quan có thẩm quyền của Việt Nam cấp phép;
+ Xe ô tô của người nước ngoài đăng ký tại nước ngoài có tay lái ở bên phải phải đi theo đoàn và có người, phương tiện hỗ trợ, hướng dẫn giao thông;
+ Tổ chức, cá nhân đưa xe có tay lái ở bên phải vào Việt Nam có trách nhiệm bố trí xe hướng dẫn giao thông, bảo đảm an toàn giao thông khi phương tiện lưu hành trên lãnh thổ Việt Nam.",36/2024/QH15::article::55
4,"Xe đưa đón trẻ em mầm non, học sinh được ưu tiên bố trí nơi dừng xe, đỗ xe tại khu vực trường học đúng không?","Theo khoản 6 Điều 46 Luật Trật tự, an toàn giao thông đường bộ 2024 quy định như sau:
Điều 46. Bảo đảm trật tự, an toàn giao thông đường bộ đối với xe ô tô chở trẻ em mầm non, học sinh
6. Xe đưa đón trẻ em mầm non, học sinh được ưu tiên trong tổ chức phân luồng, điều tiết giao thông, bố trí nơi dừng xe, đỗ xe tại khu vực trường học và tại các điểm trên lộ trình đưa đón trẻ em mầm non, học sinh.
Theo đó, xe đưa đón trẻ em mầm non, học sinh được ưu tiên bố trí nơi dừng xe, đỗ xe tại khu vực trường học
Ngoài ra, xe đưa đón trẻ em mầm non, học sinh được ưu tiên trong tổ chức phân luồng, điều tiết giao thông,và tại các điểm trên lộ trình đưa đón trẻ em mầm non, học sinh.",36/2024/QH15::article::46::clause::6
5,Người tập lái xe ô tô khi tham gia giao thông đường bộ phải bảo đảm các điều kiện nào dưới đây?,"Căn cứ khoản 5 Điều 56 Luật Trật tự, an toàn giao thông đường bộ 2024, người tập lái xe ô tô, người dự sát hạch lái xe ô tô khi tham gia giao thông đường bộ phải thực hành trên xe tập lái, xe sát hạch trên tuyến đường tập lái, tuyến đường sát hạch, có giáo viên dạy lái hoặc sát hạch viên bảo trợ tay lái. Giáo viên dạy lái, sát hạch viên phải mang theo các loại giấy tờ quy định tại khoản 1 Điều này.",36/2024/QH15::article::56::clause::5
6,"Anh N lái xe taxi, anh xin hỏi nếu chở quá nhiều người ngồi trên buồng lái thì bị phạt tiền bao nhiêu?","Với hành vi này sẽ bị xử phạt theo điểm b khoản 2 Điều 6 Nghị định 168/2024/NĐ-CP:
2. Phạt tiền từ 600.000 đồng đến 800.000 đồng đối với người điều khiển xe thực hiện một trong các hành vi vi phạm sau đây:
b) Chở người trên buồng lái quá số lượng quy định;",168/2024/NĐ-CP::article::6::clause::2::point::b
7,"Anh A muốn biết hành vi đi xe máy mà buông cả hai tay, đi lạng lách, đánh võng hay đi xe trên một bánh thì bị xử phạt như thế nào?","Những hành vi anh hỏi bị xử phạt theo quy định tại điểm a khoản 9, khoản 11 Điều 7 Nghị định 168/2024/NĐ-CP về xử phạt vi phạm hành chính về trật tự, an toàn giao thông trong lĩnh vực giao thông đường bộ; trừ điểm, phục hồi điểm giấy phép lái xe với mức phạt tương ứng như sau:
9. Phạt tiền từ 8.000.000 đồng đến 10.000.000 đồng đối với người điều khiển xe thực hiện một trong các hành vi vi phạm sau đây:
a) Điều khiển xe lạng lách, đánh võng trên đường bộ; sử dụng chân chống hoặc vật khác quệt xuống đường khi xe đang chạy;
11. Tịch thu phương tiện đối với người điều khiển xe thực hiện một trong các hành vi vi phạm sau đây:
a) Buông cả hai tay khi đang điều khiển xe; dùng chân điều khiển xe; ngồi về một bên điều khiển xe; nằm trên yên xe điều khiển xe; thay người điều khiển khi xe đang chạy; quay người về phía sau để điều khiển xe hoặc bịt mắt điều khiển xe;
b) Điều khiển xe chạy bằng một bánh đối với xe hai bánh, chạy bằng hai bánh đối với xe ba bánh;
c) Tái phạm hành vi điều khiển xe lạng lách, đánh võng quy định tại điểm a khoản 9 Điều này.
Ngoài ra theo điểm b, c khoản 12 Điều 7, người thực hiện hành vi này bị tước quyền sử dụng Giấy phép lái xe từ 10 tháng đến 12 tháng đối với hành vi tại điểm a khoản 9 Điều 7 và từ 22 tháng đến 24 tháng đối với hành vi tại khoản 11 Điều 7.","168/2024/NĐ-CP::article::7::clause::9::point::a, 168/2024/NĐ-CP::article::7::clause::11, 168/2024/NĐ-CP::article::7::clause::12::point::b, 168/2024/NĐ-CP::article::7::clause::12::point::c"
8,Chồng chị P muốn biết là sau khi uống rượu mà chồng chị đi xe đạp lưu thông trên đường thì có bị xử phạt vi phạm không?,"Theo khoản 2 Điều 9 Luật trật tự, an toàn giao thông đường bộ 2024 thì việc điều khiển phương tiện tham gia giao thông đường bộ mà trong máu hoặc hơi thở có nồng độ cồn là hành vi đặc biệt nghiêm cấm, bao gồm cả việc chạy xe đạp khi trong máu hoặc hơi thở có nồng độ cồn.
Hành vi chị hỏi bị xử phạt tùy thuộc vào mức nồng độ cồn trong máu, hơi thở theo các quy định: điểm p khoản 1, điểm d khoản 3, điểm b khoản 4 Điều 9 Nghị định 168/2024/NĐ-CP về xử phạt vi phạm hành chính về trật tự, an toàn giao thông trong lĩnh vực giao thông đường bộ; trừ điểm, phục hồi điểm giấy phép lái xe:
1. Phạt tiền từ 100.000 đồng đến 200.000 đồng đối với người điều khiển xe thực hiện một trong các hành vi vi phạm sau đây:
p) Điều khiển xe trên đường mà trong máu hoặc hơi thở có nồng độ cồn nhưng chưa vượt quá 50 miligam/100 mililít máu hoặc chưa vượt quá 0,25 miligam/1 lít khí thở.
3. Phạt tiền từ 300.000 đồng đến 400.000 đồng đối với người điều khiển xe thực hiện một trong các hành vi vi phạm sau đây:
d) Điều khiển xe trên đường mà trong máu hoặc hơi thở có nồng độ cồn vượt quá 50 miligam đến 80 miligam/100 mililít máu hoặc vượt quá 0,25 miligam đến 0,4 miligam/1 lít khí thở.
4. Phạt tiền từ 400.000 đồng đến 600.000 đồng đối với người điều khiển xe thực hiện một trong các hành vi vi phạm sau đây:
b) Điều khiển xe trên đường mà trong máu hoặc hơi thở có nồng độ cồn vượt quá 80 miligam/100 mililít máu hoặc vượt quá 0,4 miligam/1 lít khí thở;","36/2024/QH15::article::9::clause::2, 168/2024/NĐ-CP::article::9::clause::1::point::p, 168/2024/NĐ-CP::article::9::clause::3::point::d, 168/2024/NĐ-CP::article::9::clause::4::point::b"
9,Chị B hỏi người đi bộ tham gia giao thông bị xử phạt trong trường hợp nào?,"Người đi bộ tham gia giao thông bị xử phạt trong các trường hợp quy định tại Điều 10 Nghị định 168/2024/NĐ-CP về xử phạt vi phạm hành chính về trật tự, an toàn giao thông trong lĩnh vực giao thông đường bộ; trừ điểm, phục hồi điểm giấy phép lái xe:
1. Phạt tiền từ 150.000 đồng đến 250.000 đồng đối với người đi bộ thực hiện một trong các hành vi vi phạm sau đây:
a) Không đi đúng phần đường quy định; vượt qua dải phân cách; đi qua đường không đúng nơi quy định; đi qua đường không có tín hiệu bằng tay theo quy định;
b) Không chấp hành hiệu lệnh hoặc chỉ dẫn của đèn tín hiệu, biển báo hiệu, vạch kẻ đường, trừ hành vi vi phạm quy định tại điểm a khoản 2 Điều này;
c) Không chấp hành hiệu lệnh, hướng dẫn của người điều khiển giao thông hoặc người kiểm soát giao thông.
2. Phạt tiền từ 400.000 đồng đến 600.000 đồng đối với người đi bộ thực hiện một trong các hành vi vi phạm sau đây:
a) Đi vào đường cao tốc, trừ người phục vụ việc quản lý, bảo trì đường cao tốc;
b) Mang, vác vật cồng kềnh gây cản trở giao thông;
c) Đu, bám vào phương tiện giao thông đang chạy.",168/2024/NĐ-CP::article::10
10,"Ông B, hưu trí phường X, TP C muốn biết “Có quy định việc bảo vệ môi trường của người điều khiển phương tiên xe ô tô tham gia giao thông không?”","Bảo vệ môi trường khi tham gia giao thông là trách nhiệm của mọi người khi điều khiển phương tiên tham gia giao thông. Điều 17 Nghị định 168, có quy định việc xử phạt, trừ điểm giấy phép lái xe của người điều khiển xe ô tô, máy kéo và các loại xe tương tự xe ô tô vi phạm quy định về bảo vệ môi trường khi tham gia giao thông. Cụ thể:
1. Phạt tiền từ 500.000 đồng đến 1.000.000 đồng đối với hành vi điều khiển xe không đáp ứng yêu cầu về vệ sinh lưu thông trong đô thị.
2. Phạt tiền từ 2.000.000 đồng đến 4.000.000 đồng đối với một trong các hành vi vi phạm sau đây:
a) Chở đất đá, phế thải, hàng rời mà không có mui, bạt che đậy hoặc có mui, bạt che đậy nhưng vẫn để rơi vãi; làm rơi vãi hàng hóa trên đường bộ; chở hàng hoặc chất thải để nước chảy xuống mặt đường gây mất an toàn giao thông;
b) Lôi kéo bùn, đất, cát, nguyên liệu, vật liệu hoặc chất phế thải khác ra đường bộ gây mất an toàn giao thông.
3. Phạt tiền từ 4.000.000 đồng đến 6.000.000 đồng đối với người điều khiển xe đổ trái phép rác, đất, cát, đá, vật liệu, chất phế thải trong phạm vi đất dành cho đường bộ ở đoạn đường ngoài đô thị.
4. Phạt tiền từ 10.000.000 đồng đến 15.000.000 đồng đối với người điều khiển xe thực hiện hành vi đổ trái phép rác, đất, cát, đá, vật liệu, chất phế thải ra đường phố.
5. Ngoài việc bị áp dụng hình thức xử phạt, người điều khiển phương tiện (khi điều khiển xe ô tô) thực hiện hành vi vi phạm quy định tại khoản 3, khoản 4 Điều này còn bị trừ điểm giấy phép lái xe 02 điểm.",168/2024/NĐ-CP::article::17
11,"Ông X thắc mắc ""Tôi thấy nhiều xe ô tô chở vật liệu xây dựng để rơi vãi vật liệu trên đường gây nguy hiểm cho người khác khi tham gia giao thông có bị xử phạt vi phạm hành chính không?""","Căn cứ điểm a khoản 2 Điều 17 Nghị định 168/2024/NĐ-CP:
2. Phạt tiền từ 2.000.000 đồng đến 4.000.000 đồng đối với một trong các hành vi vi phạm sau đây:
a) Chở đất đá, phế thải, hàng rời mà không có mui, bạt che đậy hoặc có mui, bạt che đậy nhưng vẫn để rơi vãi; làm rơi vãi hàng hóa trên đường bộ; chở hàng hoặc chất thải để nước chảy xuống mặt đường gây mất an toàn giao thông;
Như vậy hành vi để rơi vãi vật liệu trên đường gây nguy hiểm cho người khác khi tham gia giao thông của nhiều xe ô tô chở vật liệu xây dựng sẽ bị phạt tiền từ 2.000.000 đồng đến 4.000.000 đồng.",168/2024/NĐ-CP::article::17::clause::2::point::a
12,"Anh A ở chợ B muốn biết quán ăn ở chợ anh đang sinh sống có hành vi chiếm dụng lòng đường làm nơi trông, giữ xe không đúng quy định, vậy trường hợp này bị xử phạt như thế nào?","Căn cứ theo khoản 1 Điều 77 Luật Trật tự, an toàn giao thông đường bộ 2024 quy định về bảo đảm trật tự, an toàn giao thông đường bộ đối với trường hợp sử dụng tạm thời lòng đường, vỉa hè vào mục đích khác như sau:
Điều 77. Bảo đảm trật tự, an toàn giao thông đường bộ đối với trường hợp sử dụng tạm thời lòng đường, vỉa hè vào mục đích khác
1. Lòng đường được sử dụng cho mục đích giao thông; vỉa hè được sử dụng cho người đi bộ. Trường hợp cần thiết sử dụng tạm thời lòng đường, vỉa hè phục vụ sự kiện chính trị, hoạt động văn hoá, thể thao và mục đích khác, cơ quan, tổ chức, cá nhân có nhu cầu sử dụng tạm thời lòng đường, vỉa hè phải có phương án sử dụng tạm thời lòng đường, vỉa hè và được cơ quan có thẩm quyền cho phép; cơ quan cho phép sử dụng tạm thời lòng đường, vỉa hè gửi thông báo ngay cho cơ quan Cảnh sát giao thông.
Mặt khác, theo khoản 12, điểm b khoản 16 Điều 12 Nghị định 168/2024/NĐ-CP có quy định như sau:
Điều 12. Xử phạt, trừ điểm giấy phép lái xe các hành vi vi phạm khác về quy tắc giao thông đường bộ; sử dụng lòng đường, vỉa hè vào mục đích khác
12. Phạt tiền từ 10.000.000 đồng đến 15.000.000 đồng đối với cá nhân, từ 20.000.000 đồng đến 30.000.000 đồng đối với tổ chức thực hiện hành vi sử dụng tạm thời lòng đường, vỉa hè vào mục đích khác (theo quy định phải có giấy phép) mà không có giấy phép hoặc có giấy phép nhưng đã hết giá trị sử dụng hoặc thực hiện không đúng nội dung ghi trong giấy phép.
16. Ngoài việc bị áp dụng hình thức xử phạt, cá nhân, tổ chức thực hiện hành vi vi phạm còn bị áp dụng các biện pháp khắc phục hậu quả sau đây:
b) Thực hiện hành vi quy định tại khoản 12 Điều này buộc khôi phục lại tình trạng ban đầu đã bị thay đổi do vi phạm hành chính gây ra.
Theo quy định lòng đường được sử dụng cho mục đích giao thông; vỉa hè được sử dụng cho người đi bộ. Việc sử dụng lòng đường, vỉa hè để trông giữ xe chỉ được thực hiện trên các tuyến đường huyện, đường xã, đường thôn, đường chuyên dùng, đường đô thị nhưng không bao gồm đường phố chính đô thị theo quy định của tiêu chuẩn kỹ thuật quốc gia về đường đô thị. Như vậy, việc sử dụng trái phép lòng đường, vỉa hè để trông giữ xe có thể bị phạt tiền từ 10.000.000 đồng đến 15.000.000 đồng đối với cá nhân, từ 20.000.000 đồng đến 30.000.000 đồng đối với tổ chức. Ngoải ra, cá nhân tổ chức vi phạm buộc khôi phục lại tình trạng ban đầu đã bị thay đổi do việc sử dụng trái phép lòng đường để trông giữ xe.","36/2024/QH15::article::77::clause::1, 168/2024/NĐ-CP::article::12::clause::12, 168/2024/NĐ-CP::article::12::clause::16::point::b"
13,Hành vi điều khiển xe ô tô kinh doanh vận tải hành khách lắp thêm hay tháo bớt ghế không đúng thiết kế của nhà sản xuất? Anh T hỏi trường hợp này xử phạt như thế nào?,"Hành vi trên bị xử phạt theo quy định điểm d khoản 3 Điều 13 Nghị định 168/2024/NĐ-CP:
Điều 13. Xử phạt, trừ điểm giấy phép lái xe của người điều khiển xe ô tô (bao gồm cả rơ moóc hoặc sơ mi rơ moóc được kéo theo), xe chở người bốn bánh có gắn động cơ, xe chở hàng bốn bánh có gắn động cơ và các loại xe tương tự xe ô tô vi phạm quy định về điều kiện của phương tiện khi tham gia giao thông
3. Phạt tiền từ 1.000.000 đồng đến 2.000.000 đồng đối với một trong các hành vi vi phạm sau đây:
d) Điều khiển xe ô tô kinh doanh vận tải hành khách lắp thêm hoặc tháo bớt ghế, giường nằm hoặc có kích thước khoang chở hành lý (hầm xe) không đúng với thông số kỹ thuật được ghi trong giấy chứng nhận kiểm định an toàn kỹ thuật và bảo vệ môi trường của xe.
Ngoài ra người thực hiện hành vi này buộc lắp đầy đủ thiết bị hoặc khôi phục lại tính năng kỹ thuật của thiết bị theo quy định, tháo bỏ những thiết bị lắp thêm không đúng quy định theo điểm b khoản 11 NĐ.","168/2024/NĐ-CP::article::13::clause::3::point::d, 168/2024/NĐ-CP::article::13::clause::11::point::b"
14,Công ty Z có hành vi điều khiển xe tham gia kinh doanh vận tải hành khách có gắn thiệt bị giám sát hành trình của xe nhưng thiết bị không hoạt động bị xử phạt như thế nào?,"Hành vi bạn hỏi bị xử phạt theo quy định tại điểm đ khoản 6 Điều 20 NĐ 168/2024/NĐ-CP:
6. Phạt tiền từ 3.000.000 đồng đến 5.000.000 đồng đối với một trong các hành vi vi phạm sau đây:
đ) Điều khiển xe kinh doanh vận tải hành khách không lắp thiết bị giám sát hành trình của xe theo quy định hoặc có lắp thiết bị giám sát hành trình của xe nhưng thiết bị không hoạt động theo quy định hoặc làm sai lệch dữ liệu của thiết bị giám sát hành trình của xe ô tô;
Ngoài ra, người thực hiện hành vi bị trừ điểm giấy phép lái xe 02 điểm theo quy định tại điểm a khoản 10 Điều 20 NĐ.","168/2024/NĐ-CP::article::20::clause::6::point::đ, 168/2024/NĐ-CP::article::20::clause::10::point::a"
15,"Khi xe gặp sự cố kỹ thuật trên đường cao tốc, bạn phải xử lý như thế nào để bảo đảm an toàn giao thông?","Căn cứ tại khoản 2 Điều 25 Luật trật tự, an toàn giao thông đường bộ 2024 quy định về giao thông trên đường cao tốc như sau:
Điều 25. Giao thông trên đường cao tốc
2. Chỉ được dừng xe, đỗ xe ở nơi quy định; trường hợp gặp sự cố kỹ thuật hoặc bất khả kháng khác buộc phải dừng xe, đỗ xe thì được dừng xe, đỗ xe ở làn dừng khẩn cấp cùng chiều xe chạy và phải có báo hiệu bằng đèn khẩn cấp; trường hợp xe không thể di chuyển được vào làn dừng khẩn cấp, phải có báo hiệu bằng đèn khẩn cấp và đặt biển hoặc đèn cảnh báo về phía sau xe khoảng cách tối thiểu 150 mét, nhanh chóng báo cho cơ quan Cảnh sát giao thông thực hiện nhiệm vụ bảo đảm trật tự, an toàn giao thông trên tuyến hoặc cơ quan quản lý đường cao tốc.
Như vậy, khi xe gặp sự cố kỹ thuật trên đường cao tốc phải xử lý để bảo đảm an toàn giao thông như sau:
Dừng xe, đỗ xe ở làn dừng khẩn cấp cùng chiều xe chạy và phải có báo hiệu bằng đèn khẩn cấp;
Trường hợp xe không thể di chuyển được vào làn dừng khẩn cấp, phải có báo hiệu bằng đèn khẩn cấp và đặt biển hoặc đèn cảnh báo về phía sau xe khoảng cách tối thiểu 150 mét, nhanh chóng báo cho cơ quan Cảnh sát giao thông thực hiện nhiệm vụ bảo đảm trật tự, an toàn giao thông trên tuyến hoặc cơ quan quản lý đường cao tốc",36/2024/QH15::article::25::clause::2
16,"Tuổi tối đa của người lái xe ô tô chở người (kể cả xe buýt) trên 29 chỗ (không kể chỗ của người lái xe), xe ô tô chở người giường nằm là bao nhiêu tuổi?","Căn cứ điểm e khoản 1 Điều 59 Luật Trật tự, an toàn giao thông đường bộ 2024 quy định tuổi, sức khỏe của người điều khiển phương tiện tham gia giao thông đường bộ:
Điều 59. Tuổi, sức khỏe của người điều khiển phương tiện tham gia giao thông đường bộ
1. Độ tuổi của người lái xe, người điều khiển xe máy chuyên dùng được quy định như sau:
e) Tuổi tối đa của người lái xe ô tô chở người (kể cả xe buýt) trên 29 chỗ (không kể chỗ của người lái xe), xe ô tô chở người giường nằm là đủ 57 tuổi đối với nam, đủ 55 tuổi đối với nữ.
Như vậy, tuổi tối đa của người lái xe ô tô chở người (kể cả xe buýt) trên 29 chỗ (không kể chỗ của người lái xe), xe ô tô chở người giường nằm là đủ 57 tuổi đối với nam, đủ 55 tuổi đối với nữ.",36/2024/QH15::article::59::clause::1::point::e
17,"Luật Trật tự, an toàn giao thông đường bộ quy định về xe kéo xe, xe kéo rơ moóc và xe ô tô đầu kéo kéo sơ mi rơ moóc như thế nào dưới đây?","Căn cứ khoản 1 Điều 29 Luật Trật tự, an toàn giao thông đường bộ 2024:
Điều 29. Xe kéo xe, xe kéo rơ moóc và xe ô tô đầu kéo kéo sơ mi rơ moóc
1. Một xe ô tô chỉ được kéo theo một xe ô tô hoặc xe máy chuyên dùng khác khi xe được kéo không tự chạy được, trừ trường hợp quy định tại khoản 3 Điều 53 của Luật này và phải bảo đảm các quy định sau đây:
a) Xe được kéo phải có người điều khiển và hệ thống lái của xe đó phải còn hiệu lực;
b) Việc nối xe kéo với xe được kéo phải bảo đảm chắc chắn, an toàn; trường hợp hệ thống hãm của xe được kéo không còn hiệu lực thì xe kéo nhau phải nối bằng thanh nối cứng;
c) Phía trước của xe kéo và phía sau của xe được kéo phải có biển báo hiệu, có đèn cảnh báo nhấp nháy màu vàng.",36/2024/QH15::article::29::clause::1
18,Tôi được bố mẹ cho lại chiếc xe máy nhãn hiệu SH nhưng tôi không làm thủ tục đăng ký sang tên xe theo quy định thì có bị xử phạt không?,"Theo điểm a khoản 3 Điều 32 Nghị định 168/2024/NĐ-CP có quy định:
3. Phạt tiền từ 800.000 đồng đến 1.000.000 đồng đối với cá nhân, từ 1.600.000 đồng đến 2.000.000 đồng đối với tổ chức là chủ xe mô tô, xe gắn máy và các loại xe tương tự xe mô tô, các loại xe tương tự xe gắn máy thực hiện một trong các hành vi vi phạm sau đây:
a) Không làm thủ tục cấp chứng nhận đăng ký xe, biển số xe trong trường hợp thay đổi chủ xe theo quy định;
Do đó, trong trường hợp này sẽ bị xử phạt tiền từ 800.000 đồng đến 1.000.000 đồng.",168/2024/NĐ-CP::article::32::clause::3::point::a
19,"Theo quy định mới nhất, nồng độ cồn tối đa được phép trong máu hoặc hơi thở của người điều khiển phương tiện tham gia giao thông là bao nhiêu?","Căn cứ Khoản 2 Điều 9 Luật Trật tự, an toàn giao thông đường bộ 2024 quy định về các hành vi bị nghiêm cấm: ""Điều khiển phương tiện tham gia giao thông đường bộ mà trong máu hoặc hơi thở có nồng độ cồn"". Do đó, nồng độ cồn tối đa là 0 mg/l trong hơi thở (tức là không được phép uống rượu bia).",36/2024/QH15::article::9::clause::2
20,"Anh T muốn biết đối với các xe không phải xe ưu tiên mà người lái xe ô tô bấm còi, rú ga liên tục, sử dụng đèn chiếu xa trong khu dân cư bị xử phạt như thế nào?","Hành vi trên bị xử phạt theo quy định tại điểm b khoản 3 Điều 6 Nghị định 168/2024/NĐ-CP:
3. Phạt tiền từ 800.000 đồng đến 1.000.000 đồng đối với người điều khiển xe thực hiện một trong các hành vi vi phạm sau đây:
b) Sử dụng còi, rú ga liên tục; sử dụng còi hơi, sử dụng đèn chiếu xa khi gặp người đi bộ qua đường hoặc khi đi trên đoạn đường qua khu dân cư có hệ thống chiếu sáng đang hoạt động hoặc khi gặp xe đi ngược chiều (trừ trường hợp dải phân cách có khả năng chống chói) hoặc khi chuyển hướng xe tại nơi đường giao nhau, trừ các xe ưu tiên đang đi làm nhiệm vụ theo quy định;",168/2024/NĐ-CP::article::6::clause::3::point::b
21,Hành vi người điều khiển xe máy sử dụng còi liên tục bị phạt bao nhiêu?,"Căn cứ theo điểm k khoản 9 Điều 7 Nghị định 168/2024/NĐ-CP có quy định như sau:
9. Phạt tiền từ 8.000.000 đồng đến 10.000.000 đồng đối với người điều khiển xe thực hiện một trong các hành vi vi phạm sau đây:
k) Sử dụng còi, rú ga (nẹt pô) liên tục trong khu đông dân cư, khu vực cơ sở khám bệnh, chữa bệnh, trừ các xe ưu tiên đang đi làm nhiệm vụ theo quy định.",168/2024/NĐ-CP::article::7::clause::9::point::k
22,"Hành vi điều khiển xe trên đường liên tục quá 04 tiếng quy định đối với người điều khiển xe ô tô, xe chở người bốn bánh có gắn động cơ, xe chở hàng bốn bánh có gắn động cơ và các loại xe tương tự xe ô tô bị xử phạt vi phạm hành chính như thế nào?","Căn cứ điểm b khoản 5 Điều 21 Nghị định 168/2024/NĐ-CP mới nhất, đã quy định xử phạt hành chính đối với tài xế lái xe ô tô liên tục quá 4 tiếng như sau:
- Phạt tiền từ 3.000.000 đồng đến 5.000.000 đồng.
- Hình phạt bổ sung: trừ 02 điểm giấy phép lái xe (điểm a khoản 13 Điều 21 Nghị định 168/2024/NĐ-CP).
Ngoài ra, trường hợp chủ xe để cho tài xế của mình lái xe ô tô liên tục quá 4 tiếng cũng sẽ bị xử phạt như sau:
- Phạt tiền từ 4.000.000 đồng đến 6.000.000 đồng đối với cá nhân là chủ xe;
- Phạt tiền từ 8.000.000 đồng đến 12.000.000 đồng đối với tổ chức là chủ xe;
- Hình phạt bổ sung: cá nhân, tổ chức thực hiện hành vi vi phạm nêu trên còn bị trừ 02 điểm giấy phép lái xe.
(khoản 9, khoản 21 Điều 32 Nghị định 168/2024/NĐ-CP)","168/2024/NĐ-CP::article::21::clause::5::point::b, 168/2024/NĐ-CP::article::21::clause::13::point::a, 168/2024/NĐ-CP::article::32::clause::9::point::d, 168/2024/NĐ-CP::article::32::clause::21::point::a"
23,"Hành vi điều khiển xe trên vi phạm về biển số xe quy định đối với người điều khiển xe ô tô, xe chở người bốn bánh có gắn động cơ, xe chở hàng bốn bánh có gắn động cơ và các loại xe tương tự xe ô tô bị xử phạt vi phạm hành chính như thế nào?","Căn cứ điểm a, b khoản 8 Điều 13 Nghị định 168/2024/NĐ-CP: Phạt tiền từ 20.000.000 đồng đến 26.000.0000 đồng đối với hành vi điều khiển xe gắn biển số không đúng với chứng nhận đăng ký xe hoặc gắn biển số không do cơ quan có thẩm quyền cấp (kể cả rơ moóc và sơ mi rơ moóc); điều khiển xe không gắn đủ biển số hoặc gắn biển số không đúng vị trí, không đúng quy cách theo quy định; gắn biển số không rõ chữ, số hoặc sử dụng chất liệu khác sơn, dán lên chữ, số của biển số xe; gắn biển số bị bẻ cong, che lấp, làm thay đổi chữ, số, màu sắc (của chữ, số, nền biển số xe), hình dạng, kích thước của biển số xe (kể cả rơ moóc và sơ mi rơ moóc).
Ngoài việc bị phạt tiền người vi phạm còn bị trừ điểm giấy phép lái xe như sau:
- Điều khiển xe gắn biển số không đúng với chứng nhận đăng ký xe hoặc gắn biển số không do cơ quan có thẩm quyền cấp (kể cả rơ moóc và sơ mi rơ moóc) còn bị tịch thu biển số xe (điểm a khoản 10 Điều 13 Nghị định 168/2024/NĐ-CP) và trừ điểm giấy phép lái xe 10 điểm (điểm c khoản 13 Điều 13 Nghị định 168/2024/NĐ-CP);
- Điều khiển xe không gắn đủ biển số hoặc gắn biển số không đúng vị trí, không đúng quy cách theo quy định; gắn biển số không rõ chữ, số hoặc sử dụng chất liệu khác sơn, dán lên chữ, số của biển số xe; gắn biển số bị bẻ cong, che lấp, làm thay đổi chữ, số, màu sắc (của chữ, số, nền biển số xe), hình dạng, kích thước của biển số xe (kể cả rơ moóc và sơ mi rơ moóc) buộc khôi phục biển số xe lại tình trạng ban đầu (điểm a khoản 11 Điều 13 Nghị định 168/2024/NĐ-CP) và trừ 06 điểm giấy phép lái xe (điểm b khoản 13 Điều 13 Nghị định 168/2024/NĐ-CP).","168/2024/NĐ-CP::article::13::clause::8::point::a, 168/2024/NĐ-CP::article::13::clause::8::point::b, 168/2024/NĐ-CP::article::13::clause::10::point::a, 168/2024/NĐ-CP::article::13::clause::13::point::c, 168/2024/NĐ-CP::article::13::clause::11::point::a, 168/2024/NĐ-CP::article::13::clause::13::point::b"
24,"Theo quy định của Luật Trật tự, an toàn giao thông đường bộ năm 2024, cơ quan, tổ chức, cá nhân khi phát hiện vụ tai nạn giao thông đường bộ phải báo ngay cho cơ quan nào?","Căn cứ khoản 1 Điều 81 Luật Trật tự an toàn giao thông đường bộ 2024 quy định về phát hiện, tiếp nhận, xử lý tin báo tai nạn giao thông đường bộ như sau:
Điều 81. Phát hiện, tiếp nhận, xử lý tin báo tai nạn giao thông đường bộ
1. Cơ quan, tổ chức, cá nhân khi phát hiện vụ tai nạn giao thông đường bộ phải báo ngay cho cơ quan Công an, cơ sở khám bệnh, chữa bệnh hoặc Ủy ban nhân dân nơi gần nhất.
Như vậy, cơ quan, tổ chức, cá nhân khi phát hiện vụ tai nạn giao thông đường bộ phải báo ngay cho cơ quan Công an, cơ sở khám bệnh, chữa bệnh hoặc Ủy ban nhân dân nơi gần nhất.",36/2024/QH15::article::81::clause::1
25,"Theo quy định của Luật Trật tự, an toàn giao thông đường bộ năm 2024, trong trường hợp người điều khiển phương tiện tham gia giao thông đường bộ không chấp hành tín hiệu, hiệu lệnh dừng phương tiện và bỏ chạy thì người thi hành công vụ được thực hiện quyền các quyền nào?","Căn cứ khoản 2 Điều 73 Luật Trật tự, an toàn giao thông đường bộ 2024:
2. Trường hợp người điều khiển phương tiện tham gia giao thông đường bộ không chấp hành tín hiệu, hiệu lệnh dừng phương tiện và bỏ chạy thì người thi hành công vụ được thực hiện quyền truy đuổi để ngăn chặn và xử lý hành vi vi phạm.",36/2024/QH15::article::73::clause::2
26,"Theo quy định của Luật Trật tự, an toàn giao thông đường bộ năm 2024, cơ quan nào có trách nhiệm quản lý nhà nước về trật tự, an toàn giao thông đường bộ tại địa phương?","Căn cứ khoản 8 Điều 87 Luật Trật tự, an toàn giao thông đường bộ 2024:
8. Ủy ban nhân dân các cấp, trong phạm vi nhiệm vụ, quyền hạn của mình, thực hiện quản lý nhà nước về trật tự, an toàn giao thông đường bộ tại địa phương.",36/2024/QH15::article::87::clause::8
27,Việc mở cửa xe được quy định như thế nào?,"Việc mở cửa xe được quy định như sau:
- Chỉ được mở cửa xe khi xe đã dừng, đỗ.
- Trước khi mở cửa xe, người mở cửa phải quan sát phía trước, phía sau và bên phía mở cửa xe, khi thấy an toàn mới được mở cửa xe, ra khỏi xe; không để cửa xe mở nếu không bảo đảm an toàn.
(Theo Điều 19, Luật TTATGTĐB năm 2024)",36/2024/QH15::article::19
28,"Theo quy định của Luật Trật tự, an toàn giao thông đường bộ năm 2024, đâu là quyền của người điều khiển phương tiện tham gia giao thông đường bộ?","Căn cứ khoản 1 Điều 72 Luật Trật tự, an toàn giao thông đường bộ 2024:
1. Người điều khiển phương tiện tham gia giao thông đường bộ có quyền sau đây:
a) Được điều khiển phương tiện tham gia giao thông đường bộ theo quy định của Luật này;
b) Được thông báo về căn cứ dừng phương tiện tham gia giao thông đường bộ để kiểm tra, kiểm soát; nội dung và kết quả kiểm tra, kiểm soát; hành vi vi phạm pháp luật và biện pháp xử lý;
c) Giải trình, khiếu nại, khởi kiện quyết định hành chính, hành vi hành chính liên quan đến quyền và lợi ích hợp pháp của mình theo quy định của pháp luật;
d) Tố cáo hành vi vi phạm pháp luật trong hoạt động tuần tra, kiểm soát về trật tự, an toàn giao thông đường bộ theo quy định của pháp luật về tố cáo;
đ) Báo tin, tố giác, phản ánh những trường hợp vi phạm pháp luật.",36/2024/QH15::article::72::clause::1
29,6 quy định về vận chuyển hành khách bằng xe ô tô cần lưu ý?,"Theo khoản 1 Điều 45 Luật Trật tự, an toàn giao thông đường bộ 2024 quy định việc vận chuyển hành khách bằng xe ô tô phải tuân thủ các quy định sau đây:
(1) Đón, trả hành khách đúng nơi quy định; hướng dẫn sử dụng trang thiết bị an toàn trên xe; có biện pháp giữ gìn vệ sinh trong xe;
(2) Vận chuyển hành khách đúng lịch trình, lộ trình đã đăng ký, trừ trường hợp bất khả kháng;
(3) Không chở hành khách trên nóc xe, trong khoang chở hành lý hoặc để hành khách đu, bám bên ngoài xe;
(4) Không chở hàng hóa nguy hiểm, hàng hóa cấm lưu hành, hàng lậu, động vật hoang dã, hàng có mùi hôi thối hoặc động vật, hàng hóa khác có ảnh hưởng đến sức khỏe của hành khách, môi trường;
(5) Không chở quá số người, chở hành lý, hàng hóa vượt quá khối lượng cho phép hoặc vi phạm quy định khác của pháp luật;
(6) Không chở hàng hóa trong khoang chở hành khách.",36/2024/QH15::article::45::clause::1
30,"Chị Đ là hành khách thường đi máy bay, chị thật sự khó chịu vì tình trạng bát nháo, chèo kéo khách ở các sân bay. Xin hỏi, hành vi lôi kéo, tranh giành khách đi xe có vi phạm pháp luật không và sẽ bị xử phạt như thế nào?","Căn cứ quy định tại Điều 9 Luật Trật tự, an toàn giao thông đường bộ 2024 về các hành vi bị nghiêm cấm như sau:
Điều 9. Các hành vi bị nghiêm cấm
15. Đe dọa, xúc phạm, tranh giành, lôi kéo hành khách; đe doạ, cưỡng ép hành khách sử dụng dịch vụ ngoài ý muốn; chuyển tải, xuống khách hoặc các hành vi khác nhằm trốn tránh phát hiện xe chở quá tải, quá số người theo quy định của pháp luật.
Như vậy, theo quy định, hành vi tranh giành, lôi kéo khách hàng đi xe của mình là hành vi vi phạm pháp luật về trật tự an toàn giao thông đường bộ.
Mức phạt hành vi tranh giành, lôi kéo khách hàng đi xe được quy định tại Điều 20 Nghị định 168/2024/NĐ-CP như sau:
Điều 20. Xử phạt, trừ điểm giấy phép lái xe của người điều khiển xe ô tô chở hành khách, ô tô chở người và các loại xe tương tự xe ô tô chở hành khách vi phạm quy định về bảo đảm trật trị, an toàn giao thông
6. Phạt tiền từ 3.000.000 đồng đến 5.000.000 đồng đối với một trong các hành vi vi phạm sau đây:
c) Đe dọa, xúc phạm, tranh giành, lôi kéo hành khách; đe dọa, cưỡng ép hành khách sử dụng dịch vụ ngoài ý muốn; chuyển tải, xuống khách hoặc các hành vi khác nhằm trốn tránh phát hiện xe chở quá tải, quá số người theo quy định của pháp luật;
10. Ngoài việc bị áp dụng hình thức xử phạt, người điều khiển phương tiện thực hiện hành vi vi phạm còn bị trừ điểm giấy phép lái xe như sau:
a) Thực hiện hành vi quy định tại điểm c, điểm d, điểm e khoản 3; điểm a, điểm b, điểm c, điểm d, điểm đ, điểm e, điểm g, điểm h, điểm i, điểm k, điểm m khoản 5; khoản 6; khoản 7 Điều này bị trừ điểm giấy phép lái xe 02 điểm;
Theo đó, trường hợp người điều khiển xe ô tô chở hành khách, ô tô chở người và các loại xe tương tự xe ô tô chở hành khách thực hiện hành vi tranh giành, lôi kéo khách hàng đi xe của mình thì bị phạt hành chính từ 3.000.000 đồng đến 5.000.000 đồng.
Ngoài mức phạt tiền nêu trên, người điều khiển xe ô tô chở hành khách, ô tô chở người và các loại xe tương tự xe ô tô chở hành khách thực hiện hành vi tranh giành, lôi kéo khách hàng đi xe của mình còn bị trừ điểm giấy phép lái xe 02 điểm","36/2024/QH15::article::9::clause::15, 168/2024/NĐ-CP::article::20::clause::6::point::c, 168/2024/NĐ-CP::article::20::clause::10::point::a"
31,Giấy phép lái xe bị thu hồi trong các trường hợp nào sau đây?,"Căn cứ khoản 5 Điều 62 Luật Trật tự, an toàn giao thông đường bộ 2024, giấy phép lái xe bị thu hồi khi thuộc một trong các trường hợp sau đây:
- Người được cấp giấy phép lái xe không đủ điều kiện sức khỏe theo kết luận của cơ sở khám bệnh, chữa bệnh đối với từng hạng giấy phép lái xe;
- Giấy phép lái xe được cấp sai quy định;
- Giấy phép lái xe đã quá thời hạn tạm giữ hoặc hết thời hiệu thi hành quyết định xử phạt vi phạm hành chính theo quy định của pháp luật về xử lý vi phạm hành chính nếu người vi phạm không đến nhận mà không có lý do chính đáng.",36/2024/QH15::article::62::clause::5
32,Người điều khiển phương tiện tham gia giao thông đường bộ được hiểu như thế nào là đúng?,"Người điều khiển phương tiện tham gia giao thông gồm những đối tượng được quy định tại khoản 9 Điều 2 Luật Trật tự an toàn giao thông đường bộ 2024, cụ thể như sau:
Điều 2. Giải thích từ ngữ
9. Người điều khiển phương tiện tham gia giao thông đường bộ bao gồm: người điều khiển xe cơ giới (sau đây gọi là người lái xe), người điều khiển xe thô sơ, người điều khiển xe máy chuyên dùng.
Theo đó, người điều khiển phương tiện tham gia giao thông đường bộ bao gồm: người điều khiển xe cơ giới (sau đây gọi là người lái xe), người điều khiển xe thô sơ, người điều khiển xe máy chuyên dùng.",36/2024/QH15::article::2::clause::9
33,Người tham gia giao thông đường bộ gồm những đối tượng nào?,"Theo Điều 2 Luật Trật tự, an toàn giao thông đường bộ 2024 quy định:
Điều 2. Giải thích từ ngữ
8. Người tham gia giao thông đường bộ bao gồm: người điều khiển, người được chở trên phương tiện tham gia giao thông đường bộ; người điều khiển, dẫn dắt vật nuôi trên đường bộ; người đi bộ trên đường bộ.
Như vậy, người tham gia giao thông đường bộ bao gồm:
- Người điều khiển, người được chở trên phương tiện tham gia giao thông đường bộ;
- Người điều khiển, dẫn dắt vật nuôi trên đường bộ;
- Người đi bộ trên đường bộ.",36/2024/QH15::article::2::clause::8
34,Thiết bị an toàn cho trẻ em được hiểu như thế nào là đúng?,"Căn cứ khoản 13 Điều 2 của Luật Trật tự, an toàn giao thông đường bộ 2024 giải thích làm rõ thiết bị an toàn cho trẻ em được hiểu như sau:
Điều 2. Giải thích từ ngữ
13. Thiết bị an toàn cho trẻ em là thiết bị có đủ khả năng bảo đảm an toàn cho trẻ em ở tư thế ngồi hoặc nằm trên xe ô tô, được thiết kế để giảm nguy cơ chấn thương cho người dùng trong trường hợp xảy ra va chạm hoặc xe ô tô giảm tốc độ đột ngột, bằng cách hạn chế sự di chuyển của cơ thể trẻ em.",36/2024/QH15::article::2::clause::13
35,"Tại nơi có vạch kẻ đường hoặc tại nơi mà người đi bộ, xe lăn của người khuyết tật đang qua đường, người điều khiển phương tiện tham gia giao thông phải thực hiện như thế nào?","Căn cứ theo điểm a khoản 3 Điều 12 Luật Trật tự, an toàn giao thông đường bộ 2024 quy định như sau:
Điều 12. Chấp hành quy định về tốc độ và khoảng cách giữa các xe
3. Người điều khiển phương tiện tham gia giao thông đường bộ phải quan sát, giảm tốc độ hoặc dừng lại để bảo đảm an toàn trong các trường hợp sau đây:
a) Tại nơi có vạch kẻ đường hoặc báo hiệu khác dành cho người đi bộ hoặc tại nơi mà người đi bộ, xe lăn của người khuyết tật đang qua đường;
Theo đó, tại nơi có vạch kẻ đường hoặc tại nơi mà người đi bộ, xe lăn của người khuyết tật đang qua đường, người điều khiển phương tiện tham gia giao thông phải quan sát, giảm tốc độ hoặc dừng lại để bảo đảm an toàn cho người đi bộ, xe lăn của người khuyết tật qua đường.",36/2024/QH15::article::12::clause::3::point::a
36,"Cổng trường của em nằm gần mặt đường bộ, em (hoặc người đèo em) đang lái xe trên đường, khi muốn rẽ trái để vào cổng trường phải thực hiện những thao tác nào?","Căn cứ Điều 15 Luật Trật tự, an toàn giao thông đường bộ 2024 quy định như sau:
Điều 15. Chuyển hướng xe
2. Trước khi chuyển hướng, người điều khiển phương tiện tham gia giao thông đường bộ phải quan sát, bảo đảm khoảng cách an toàn với xe phía sau, giảm tốc độ và có tín hiệu báo hướng rẽ hoặc có tín hiệu bằng tay theo hướng rẽ đối với xe thô sơ không có đèn báo hướng rẽ, chuyển dần sang làn gần nhất với hướng rẽ. Tín hiệu báo hướng rẽ hoặc tín hiệu bằng tay phải sử dụng liên tục trong quá trình chuyển hướng. Khi bảo đảm an toàn, không gây trở ngại cho người và phương tiện khác mới được chuyển hướng.
Như vậy, khi muốn rẽ trái để vào cổng trường phải thực hiện những thao tác sau:
Khi cách cổng trường một khoảng cách an toàn, người điều khiển phương tiện tham gia giao thông đường bộ phải giảm tốc độ, quan sát, bảo đảm khoảng cách an toàn với xe phía sau và có tín hiệu báo hướng rẽ hoặc có tín hiệu bằng tay theo hướng rẽ, chuyển dần sang làn gần nhất với hướng rẽ. Khi bảo đảm an toàn, không gây trở ngại cho người và phương tiện khác mới được chuyển hướng rẽ trái.",36/2024/QH15::article::15::clause::2
37,"Giáo dục kiến thức pháp luật về trật tự, an toàn giao thông đường bộ được quy định như thế nào?","Theo Điều 6 Luật Trật tự, an toàn giao thông đường bộ quy định giáo dục kiến thức pháp luật về trật tự, an toàn giao thông đường bộ như sau:
1. Giáo dục kiến thức pháp luật về trật tự, an toàn giao thông đường bộ cho trẻ em của cơ sở giáo dục mầm non (sau đây gọi là trẻ em mầm non), học sinh của cơ sở giáo dục phổ thông, cơ sở giáo dục nghề nghiệp.
2. Lực lượng Cảnh sát giao thông có trách nhiệm chủ trì, phối hợp với cơ quan quản lý trường trung học phổ thông, cơ sở giáo dục nghề nghiệp tổ chức hướng dẫn kỹ năng lái xe gắn máy an toàn cho học sinh tại cơ sở giáo dục đó.
3. Bộ Giáo dục và Đào tạo, Bộ Lao động, Thương binh và Xã hội, trong phạm vi nhiệm vụ, quyền hạn của mình, chủ trì, phối hợp với Bộ Công an và Bộ, cơ quan ngang Bộ có liên quan xây dựng, tích hợp, lồng ghép kiến thức pháp luật về trật tự, an toàn giao thông đường bộ vào chương trình giảng dạy trong cơ sở giáo dục mầm non, cơ sở giáo dục phổ thông, cơ sở giáo dục nghề nghiệp phù hợp với từng cấp học, ngành học.",36/2024/QH15::article::6
38,Theo quy định biển số xe được phân loại như thế nào?,"Theo Khoản 2 Điều 36 Luật Trật tự, an toàn giao thông đường bộ quy định biển số xe được phân loại như sau:
a) Biển số xe nền màu xanh, chữ và số màu trắng cấp cho xe của cơ quan Đảng, Nhà nước, tổ chức chính trị - xã hội, đơn vị sự nghiệp công lập;
b) Biển số xe nền màu đỏ, chữ và số màu trắng cấp cho xe quân sự;
c) Biển số xe nền màu vàng, chữ và số màu đen cấp cho xe hoạt động kinh doanh vận tải;
d) Biển số xe nền màu trắng, chữ và số màu đen cấp cho xe của các tổ chức, cá nhân trong nước, không thuộc đối tượng quy định tại các điểm a, b và c khoản này;
đ) Biển số xe nền màu trắng, chữ màu đỏ, số màu đen, có ký hiệu “NG” cấp cho xe của cơ quan đại diện ngoại giao, cơ quan lãnh sự và nhân viên nước ngoài mang chứng minh thư ngoại giao của cơ quan đó;
e) Biển số xe nền màu trắng, chữ màu đỏ, số màu đen, có ký hiệu “QT” cấp cho xe của cơ quan đại diện của tổ chức quốc tế và nhân viên nước ngoài mang chứng minh thư ngoại giao của tổ chức đó;
g) Biển số xe nền màu trắng, chữ và số màu đen, có ký hiệu “CV” cấp cho xe của các nhân viên hành chính kỹ thuật mang chứng minh thư công vụ của các cơ quan đại diện ngoại giao, cơ quan lãnh sự, tổ chức quốc tế;
h) Biển số xe nền màu trắng, chữ và số màu đen, có ký hiệu “NN” cấp cho xe của tổ chức, văn phòng đại diện, cá nhân nước ngoài, trừ đối tượng quy định tại điểm g khoản này;
i) Biển số xe loại khác theo quy định của Bộ trưởng Bộ Công an.",36/2024/QH15::article::36::clause::2
39,"Nhiệm vụ của Cảnh sát giao thông khi thực hiện tuần tra, kiểm soát ra sao?","Căn cứ theo khoản 4 Điều 65 Luật Trật tự, an toàn giao thông đường bộ 2024 quy định nhiệm vụ của Cảnh sát giao thông khi thực hiện tuần tra, kiểm soát bao gồm:
(1) Quan sát, nắm tình hình người, phương tiện tham gia giao thông đường bộ; tình hình trật tự, an toàn giao thông đường bộ; an ninh, trật tự trên tuyến giao thông đường bộ;
(2) Thực hiện quy định tại điểm b và điểm c khoản 1 Điều 65 Luật Trật tự, an toàn giao thông đường bộ 2024, cụ thể:
- Kiểm tra, kiểm soát người, phương tiện tham gia giao thông đường bộ;
- Phát hiện, ngăn chặn và xử lý vi phạm pháp luật về trật tự, an toàn giao thông đường bộ và vi phạm pháp luật khác.
(3) Hướng dẫn, tuyên truyền, vận động người tham gia giao thông đường bộ chấp hành pháp luật về trật tự, an toàn giao thông đường bộ;
(4) Giúp đỡ, hỗ trợ người, phương tiện tham gia giao thông đường bộ khi cần thiết;
(5) Chỉ huy, điều khiển giao thông đường bộ;
(6) Điều tra, giải quyết tai nạn giao thông đường bộ theo quy định của pháp luật;
(7) Đấu tranh phòng, chống tội phạm hoạt động trên tuyến giao thông đường bộ, bảo đảm an ninh, trật tự theo quy định của pháp luật; tham gia phòng, chống khủng bố, biểu tình gây rối, dịch bệnh, thiên tai, hỏa hoạn; tham gia cứu nạn, cứu hộ;
(8) Phát hiện những bất cập về đường bộ, tổ chức giao thông đường bộ, nguyên nhân dẫn đến mất trật tự, an toàn giao thông đường bộ, thông báo cho cơ quan chức năng hoặc báo cáo cấp có thẩm quyền kiến nghị với cơ quan chức năng có biện pháp khắc phục;
(9) Phối hợp với cơ quan quản lý đường bộ phát hiện, ngăn chặn hành vi vi phạm quy định của pháp luật về bảo vệ công trình đường bộ và hành lang an toàn đường bộ;
(10) Nhiệm vụ khác theo quy định của Luật Công an nhân dân 2018 và quy định khác của pháp luật có liên quan.",36/2024/QH15::article::65::clause::4
40,"Theo Luật Trật tự, an toàn giao thông đường bộ năm 2024, niên hạn sử dụng của xe cơ giới được tỉnh bắt đầu từ thời điểm nào?","Theo khoản 1 Điều 40 Luật Trật tự an toàn giao thông đường bộ 2024 quy định niên hạn sử dụng của xe cơ giới như sau:
- Niên hạn sử dụng của xe cơ giới được tính bắt đầu từ năm sản xuất xe đến hết ngày 31 tháng 12 của năm hết niên hạn sử dụng.",36/2024/QH15::article::40::clause::1
41,"Theo Luật Trật tự, an toàn giao thông đường bộ năm 2024, biển báo nguy hiểm trong hệ thống biển báo giao thông có chức năng gì?","Theo điểm b khoản 5 Điều 11 Luật Trật tự, an toàn giao thông đường bộ 2024, biển báo nguy hiểm để cảnh báo các tình huống nguy hiểm có thể xảy ra.",36/2024/QH15::article::11::clause::5::point::b
42,"Theo Luật Trật tự, an toàn giao thông đường bộ năm 2024, cơ sở dữ liệu về trật tự, an toàn giao thông đường bộ được kết nối, chia sẻ với cơ sở dữ liệu nào?","Theo khoản 2 Điều 7 Luật Trật tự, an toàn giao thông đường bộ 2024, cơ sở dữ liệu về trật tự, an toàn giao thông đường bộ là cơ sở dữ liệu dùng chung; được kết nối, chia sẻ với Cơ sở dữ liệu quốc gia về dân cư, Cơ sở dữ liệu đường bộ và các cơ sở dữ liệu khác có liên quan.",36/2024/QH15::article::7::clause::2
43,Việc vận chuyển động vật sống khi tham gia giao thông đường bộ phải thực hiện các yêu cầu nào?,"Căn cứ tại khoản 1 Điều 50 Luật trật tự, an toàn giao thông đường bộ 2024 quy định như sau:
Điều 50. Bảo đảm trật tự, an toàn giao thông đường bộ đối với phương tiện giao thông đường bộ vận chuyển động vật sống, thực phẩm tươi sống
1. Việc vận chuyển động vật sống phải bảo đảm các yêu cầu sau đây:
a) Người lái xe phải mang đủ giấy tờ theo quy định của pháp luật;
b) Phương tiện vận chuyển phải có kết cấu phù hợp với loại động vật chuyên chở;
c) Trong quá trình vận chuyển phải chấp hành các quy định của pháp luật về trật tự, an toàn giao thông đường bộ, vệ sinh dịch tễ, phòng dịch và bảo đảm vệ sinh môi trường.
Như vậy, việc vận chuyển động vật sống khi tham gia giao thông đường bộ phải thực hiện các yêu cầu như sau:
- Người lái xe phải mang đủ giấy tờ theo quy định của pháp luật;
- Phương tiện vận chuyển phải có kết cấu phù hợp với loại động vật chuyên chở;
- Trong quá trình vận chuyển phải chấp hành các quy định của pháp luật về trật tự, an toàn giao thông đường bộ, vệ sinh dịch tễ, phòng dịch và bảo đảm vệ sinh môi trường.",36/2024/QH15::article::50::clause::1
44,Xe cứu hộ giao thông đường bộ cần thực hiện yêu cầu nào để bảo đảm trật tự an toàn giao thông?,"Theo Điều 54 Luật Trật tự, an toàn giao thông đường bộ 2024 quy định:
Điều 54. Bảo đảm trật tự, an toàn giao thông đường bộ đối với xe cứu hộ giao thông đường bộ
1. Xe cứu hộ giao thông đường bộ là xe ô tô chuyên dùng có trang bị dụng cụ, thiết bị dùng để cứu hộ, hỗ trợ di chuyển hoặc chuyên chở các phương tiện giao thông đường bộ bị hư hỏng, bị sự cố.
2. Xe cứu hộ giao thông đường bộ phải có dấu hiệu nhận diện, niêm yết thông tin trên xe, gắn thiết bị giám sát hành trình và thiết bị ghi nhận hình ảnh người lái xe theo quy định tại khoản 2 Điều 35 của Luật này.
3. Xe cứu hộ giao thông đường bộ phải tuân thủ quy định của pháp luật về khối lượng hàng hóa chuyên chở của xe cứu hộ và khối lượng của xe được cứu hộ ghi trên Chứng nhận kiểm định an toàn kỹ thuật và bảo vệ môi trường.
Như vậy, xe cứu hộ giao thông đường bộ cần thực hiện yêu cầu sau đây để bảo đảm trật tự an toàn giao thông:
- Xe cứu hộ giao thông đường bộ phải có dấu hiệu nhận diện, niêm yết thông tin trên xe, gắn thiết bị giám sát hành trình và thiết bị ghi nhận hình ảnh người lái xe.
- Xe cứu hộ giao thông đường bộ phải tuân thủ quy định của pháp luật về khối lượng hàng hóa chuyên chở của xe cứu hộ và khối lượng của xe được cứu hộ ghi trên Chứng nhận kiểm định an toàn kỹ thuật và bảo vệ môi trường.",36/2024/QH15::article::54
45,"Khi đang lái xe, phía trước có một xe Cảnh sát giao thông không phát tín hiệu ưu tiên, người lái xe có được phép vượt hay không?","Căn cứ Điều 27 Luật Trật tự, an toàn giao thông đường bộ 2024 quy định xe ưu tiên:
Điều 27. Xe ưu tiên
1. Xe ưu tiên gồm xe chữa cháy của Cảnh sát phòng cháy, chữa cháy và cứu nạn, cứu hộ và xe chữa cháy của các lực lượng khác được huy động đi làm nhiệm vụ chữa cháy; xe của lực lượng quân sự, công an và kiểm sát đi làm nhiệm vụ khẩn cấp; đoàn xe có xe Cảnh sát giao thông dẫn đường; xe cứu thương đi làm nhiệm vụ cấp cứu; xe hộ đê đi làm nhiệm vụ; xe đi làm nhiệm vụ cứu nạn, cứu hộ, khắc phục sự cố thiên tai, dịch bệnh hoặc xe đi làm nhiệm vụ trong tình trạng khẩn cấp theo quy định của pháp luật; đoàn xe tang.
2. Xe ưu tiên được quyền đi trước xe khác khi qua đường giao nhau từ bất kỳ hướng nào tới theo thứ tự ưu tiên từ trên xuống dưới như sau:
b) Xe của lực lượng quân sự, công an, kiểm sát đi làm nhiệm vụ khẩn cấp; đoàn xe có xe Cảnh sát giao thông dẫn đường;
3. Xe ưu tiên quy định tại các điểm a, b, c và d khoản 2 Điều này phải có tín hiệu ưu tiên theo quy định của pháp luật. Màu của tín hiệu đèn ưu tiên được quy định như sau:
b) Xe của lực lượng công an, kiểm sát đi làm nhiệm vụ khẩn cấp, xe Cảnh sát giao thông dẫn đường có đèn nhấp nháy màu xanh và đỏ;
Như vậy, khi đang lái xe, phía trước có một xe Cảnh sát giao thông không phát tín hiệu ưu tiên, người lái xe được vượt khi bảo đảm an toàn.","36/2024/QH15::article::27::clause::1, 36/2024/QH15::article::27::clause::2::point::b, 36/2024/QH15::article::27::clause::3::point::b"
46,"Khi đang lái xe, thấy một người đi bộ đang sang đường trên vạch kẻ đường dành cho người đi bộ, người lái xe nên làm gì?","Căn cứ theo khoản 3 Điều 12 Luật Trật tự, an toàn giao thông đường bộ 2024 quy định về chấp hành quy định về tốc độ và khoảng cách giữa các xe như sau:
Điều 12. Chấp hành quy định về tốc độ và khoảng cách giữa các xe
3. Người điều khiển phương tiện tham gia giao thông đường bộ phải quan sát, giảm tốc độ hoặc dừng lại để bảo đảm an toàn trong các trường hợp sau đây:
a) Tại nơi có vạch kẻ đường hoặc báo hiệu khác dành cho người đi bộ hoặc tại nơi mà người đi bộ, xe lăn của người khuyết tật đang qua đường;
Như vậy, khi đang lái xe, thấy một người đi bộ đang sang đường trên vạch kẻ đường dành cho người đi bộ, người lái xe nên giảm tốc độ và nhường đường cho người đi bộ.",36/2024/QH15::article::12::clause::3::point::a
47,"Theo Luật Trật tự, an toàn giao thông đường bộ năm 2024, khi người điều khiến giao thông ra hiệu lệnh dang hai tay hoặc một tay ngang, báo hiệu cho người tham gia giao thông đường bộ cần phải làm gì?","Theo quy định tại điểm b khoản 3 Điều 11 Luật Trật tự, an toàn giao thông đường bộ 2024 đã quy định về hiệu lệnh của người điều khiển giao thông như sau:
- Hai tay hoặc một tay dang ngang để báo hiệu cho người tham gia giao thông đường bộ ở phía trước và ở phía sau người điều khiển giao thông phải dừng lại; người tham gia giao thông đường bộ ở phía bên phải và bên trái người điều khiển giao thông được đi;",36/2024/QH15::article::11::clause::3::point::b
48,Biển báo hiệu giao thông đường bộ gồm những nhóm nào?,"Theo điểm b khoản 1 Điều 23 Luật Đường bộ 2024, biển báo hiệu đường bộ gồm: biển báo cấm, biển báo nguy hiểm, biển hiệu lệnh, biển chỉ dẫn, biển phụ.",35/2024/QH15::article::23::clause::1::point::b
49,Anh N bật đèn pha khi lái xe vào ban đêm trên đoạn đường qua khu dân cư có đèn đường hoạt động và gây tai nạn giao thông? Hỏi anh N bị xử phạt như thế nào với hành vi của anh ấy?,"Đèn pha hay còn gọi là đèn chiếu xa, là loại đèn có cường độ ánh sáng mạnh, thường được dùng để chiếu sáng xa hoặc rộng.
Theo quy định tại Điều 7 Nghị định 168/2024/NĐ-CP như sau:
Điều 7. Xử phạt, trừ điểm giấy phép lái của người điều khiển xe mô tô, xe gắn máy, các loại xe tương tự xe mô tô và các loại xe tương tự xe gắn máy vi phạm quy tắc giao thông đường bộ
1. Phạt tiền từ 200.000 đồng đến 400.000 đồng đối với người điều khiển xe thực hiện một trong các hành vi vi phạm sau đây:
h) Tránh xe không đúng quy định; sử dụng đèn chiếu xa khi gặp người đi bộ qua đường hoặc khi đi trên đoạn đường qua khu dân cư có hệ thống chiếu sáng đang hoạt động hoặc khi gặp xe đi ngược chiều (trừ trường hợp dải phân cách có khả năng chống chói) hoặc khi chuyển hướng xe tại nơi đường giao nhau; không nhường đường cho xe đi ngược chiều theo quy định tại nơi đường hẹp, đường dốc, nơi có chướng ngại vật;
10. Phạt tiền từ 10.000.000 đồng đến 14.000.000 đồng đối với người điều khiển xe thực hiện một trong các hành vi vi phạm sau đây:
b) Vi phạm quy định tại một trong các điểm, khoản sau của Điều này mà gây tai nạn giao thông: điểm a, điểm d, điểm đ, điểm g, điểm h, điểm i, điểm k khoản 1; điểm c, điểm đ, điểm g khoản 2; điểm b, điểm e, điểm g, điểm h, điểm k khoản 3; điểm đ khoản 4; điểm c, điểm d khoản 6; điểm c, điểm d, điểm đ khoản 7; điểm a, điểm b, điểm h, điểm k khoản 9 Điều này.
13. Ngoài việc bị áp dụng hình thức xử phạt, người điều khiển xe thực hiện hành vi vi phạm còn bị trừ điểm giấy phép lái xe như sau:
d) Thực hiện hành vi quy định tại điểm b khoản 8, khoản 10 Điều này bị trừ điểm giấy phép lái xe 10 điểm.
Như vậy, anh N bị phạt hành chính từ 10.000.000 đồng đến 14.000.000 đồng và còn bị trừ điểm giấy phép lái xe 10 điểm.","168/2024/NĐ-CP::article::7::clause::1::point::h, 168/2024/NĐ-CP::article::7::clause::10::point::b, 168/2024/NĐ-CP::article::7::clause::13::point::d"
50,"Anh B lái xe không đủ điều kiện để thu phí tự động không dừng đi mà chị chạy vào làn đường dành riêng thu phí theo hình thức tự động không dừng tại các trạm thu phí, hành vi này có bị xử phạt không? Nếu có mức phạt là bao nhiêu?","Hành vi bạn hỏi bị xử phạt theo quy định tại điểm a khoản 4 Điều 6 Nghị định số 168/2024/NĐ-CP:
4. Phạt tiền từ 2.000.000 đồng đến 3.000.000 đồng đối với người điều khiển xe thực hiện một trong các hành vi vi phạm sau đây:
a) Điều khiển xe không đủ điều kiện để thu phí theo hình thức điện tử tự động không dừng (xe không gắn thẻ đầu cuối) đi vào làn đường dành riêng thu phí theo hình thức điện tử tự động không dừng tại các trạm thu phí;
Ngoài ra, theo điểm a khoản 16 Điều 6 Nghị định 168/2024/NĐ-CP, hành vi của anh B còn bị trừ điểm giấy phép lái xe 02 điểm.","168/2024/NĐ-CP::article::6::clause::4::point::a, 168/2024/NĐ-CP::article::6::clause::16::point::a"
